url,date,rawContent,place,likeCount
https://twitter.com/editorsuresh/status/1657814470440423426,2023-05-14 18:25:45+00:00,"Ippo paarunga, â€œThe league would have been a bonus. Our target right from the beginning of the season was just top 4â€ nu muttu kuduppaanunga. ğŸ¼ğŸ¤£ #ARSBHA https://t.co/CRrWO76Nnb","Pondicherry, India",255
https://twitter.com/OloriSports/status/1657804189416783872,2023-05-14 17:44:53+00:00,"Abonise se Fc, Caretaker Fc 

Asobode Fc 

Add yours ? 

 #ARSBHA","Ibadan, Nigeria",106
https://twitter.com/BobbyMugambi/status/1657799332572143622,2023-05-14 17:25:35+00:00,Back to default ğŸ˜‚ğŸ˜‚ #ARSBHA #arsenal mitoma   mancity https://t.co/mBtdgiUkSi,"Nairobi, Kenya",59
https://twitter.com/OloriSports/status/1657800156979290114,2023-05-14 17:28:52+00:00,"The day is Bright ! 

Eyin Onibonoje gba ta ta ta ğŸ˜‚ğŸ˜‚ğŸ˜‚

Arsenal ooo ğŸ¤£ğŸ¤£ğŸ¤£

 #ARSBHA","Ibadan, Nigeria",45
https://twitter.com/Citizen_baker/status/1657801416394539009,2023-05-14 17:33:52+00:00,Hey @Arsenal fans. Now the league is over you might want to take a little break. You canâ€™t beat Brighton. #ARSBHA https://t.co/o3fL7Uk0p1,"Warrington, England",45
https://twitter.com/FoodiesAffairNG/status/1657808712839442434,2023-05-14 18:02:52+00:00,"#ARSBHA

You go like chop? https://t.co/foq2bFCkVU","Ikeja, Nigeria",23
https://twitter.com/6lingggg/status/1657802834262237185,2023-05-14 17:39:30+00:00,"What a quiet day for the Arsenal fans 

#ARSBHA","Pretoria, South Africa",22
https://twitter.com/TopshotKirk/status/1657810791159013377,2023-05-14 18:11:07+00:00,Arsenal lose 3-0 to Brighton &amp; Hove Albion today at the Emirates..@AFP @AFPphoto ..#ARSBHA https://t.co/9AlmcZ5MW8,"Islington, London",21
https://twitter.com/IceyGyety/status/1657801608007229443,2023-05-14 17:34:38+00:00,Celebrating the 2nd and 3rd goals respectively #ARSBHA https://t.co/ILrD1yMj3W,"Kaduna, Nigeria",15
https://twitter.com/AwJeffers/status/1657800912323198976,2023-05-14 17:31:52+00:00,Congratulations City. Arsenal have had an absolutely magnificent. Back into the champions league. Well done to Brighton too. We go again next season. #ARSBHA,"Nairobi, Kenya",13
https://twitter.com/ralpha060461/status/1657788449015967745,2023-05-14 16:42:21+00:00,#ARSBHA 0-1 ğŸ˜³ #MCI being handed the title,"South East, England",12
https://twitter.com/Shush_Larawk/status/1657800253569900544,2023-05-14 17:29:15+00:00,"ğŸ˜­ğŸ˜­ğŸ˜­ğŸ˜­ğŸ˜­

#ARSBHA https://t.co/a7Jx9PaVpI","Somerset West, South Africa",11
https://twitter.com/Teogooner/status/1657857013651582978,2023-05-14 21:14:48+00:00,"Arsenal season is a big foot in a narrow shoe; Big ambitions with not up to par potential.
I FUCKING LOVE MY FOOTBALL CLUB â¤ğŸ¤1886â¤ğŸ¤
#ARSBHA #ARSBRI #Arsenal https://t.co/N4hZnKQtbR","Camden Town, London",11
https://twitter.com/aumoh57/status/1657848790768910341,2023-05-14 20:42:07+00:00,"ğŸ“½ - Quick Match Reaction

ğŸ”´ Arsenal 0-3 Brighton ğŸ”µ ( FT )

"" Defensive Inconsistencies ""

#ARSBHA #PremierLeague

https://t.co/qA6PLGkjJn https://t.co/f0bwtztWFd","Camberwell, London",10
https://twitter.com/ReservoirJogs/status/1657797699310166017,2023-05-14 17:19:06+00:00,That's for you Ramsdale you knob ğŸ˜˜ #ARSBHA,"Willenhall, England",10
https://twitter.com/jordyxcollins/status/1657793915700015110,2023-05-14 17:04:04+00:00,This is the arsenal I know #arsbha,"Denver, CO",9
https://twitter.com/Maps_Welsh/status/1657801525551407110,2023-05-14 17:34:18+00:00,"Jason Sean Steele had a great game what a goalkeeperğŸ§¤ ğŸ‘ğŸ«¡

Heâ€™s very very comfortable on the ball ğŸ“ˆğŸ’.

 #ARSBHA https://t.co/qjrzJvfA7T","Centurion, South Africa",7
https://twitter.com/kwakuasanteb/status/1657801657525084165,2023-05-14 17:34:50+00:00,"Coaching is so important. Look at how well Brighton play. Incredible work by De Zerbi. I hope he stays and build the team into an even better shape. Brighton has what it takes to be a top club. Keep the core team and keep up with the terrific recruitment. 

#ARSBHA","Accra, Ghana",7
https://twitter.com/ralpha060461/status/1657799759732588552,2023-05-14 17:27:17+00:00,#ARSBHA 0-3 we want 4 ğŸ˜­,"South East, England",7
https://twitter.com/tvwestUG/status/1657805150247874561,2023-05-14 17:48:43+00:00,"Arsenal baagitangira owaayo ahakishaayi Emirates baagigutura, amatsiko g'ekikopo kya Premier League gaatuntumuka!

Okutwara ekikopo eki, baine kusinga emizaano yaabo 2, Man City ekasingwa eyaayo 3. 

FT: 
Arsenal 0-3 Brighton

#WestSports
#ARSBHA https://t.co/esCgTiAjuE","Mbarara, Uganda",6
https://twitter.com/StepanHanus/status/1657808932121853953,2023-05-14 18:03:44+00:00,"Za mÄ› spokojenost ğŸ‘Œâš½ï¸âš½ï¸âš½ï¸

KdyÅ¾ uÅ¾ jsem tu musel bÃ½t, tak lepÅ¡Ã­ vÃ½sledek si ÄlovÄ›k nemohl pÅ™Ã¡t ğŸ˜‰ğŸ‘

#arsbha #coys ğŸ’™ğŸ¤ https://t.co/Ob65YBbXqS","Islington, London",6
https://twitter.com/ekepaul_/status/1657809071125278721,2023-05-14 18:04:17+00:00,"@MrBlackOG LMAO!
We All Bottled it.

Na all of us start season with Zero Points and Zero Wins yet here we are finishing 20 points+ ahead of all of una with the youngest team!

Please whatever ever would make you all sleep well with your 4th 5th and 11th position, Carry go! ğŸ˜‚
#ARSBHA","Abuja, Nigeria",6
https://twitter.com/albertsajah/status/1657811224329957377,2023-05-14 18:12:51+00:00,"Askari bwaba wa Arsenal, mumugeeko emunduğŸ˜‚ğŸ˜‚ğŸ˜‚ğŸ˜‚
#ARSBHA https://t.co/T4HlHZ217e","Mbarara, Uganda",6
https://twitter.com/QprColin/status/1657797809171574784,2023-05-14 17:19:32+00:00,"Fire drill at The Emirates ğŸ˜
#ARSBHA","Slough, South East",6
https://twitter.com/louiscoys/status/1657798799115337732,2023-05-14 17:23:28+00:00,Isnâ€™t the total collapse of woolwich a thing of joy. Anyone seen the ashburton  army. ğŸ˜‚ğŸ˜‚ #coys #ARSBHA,"Scotland, United Kingdom",6
https://twitter.com/mmarkovitz/status/1657800764918464519,2023-05-14 17:31:17+00:00,Ah well. It was great while it lasted. #ARSBHA,"Johannesburg, South Africa",6
https://twitter.com/MissPalulu/status/1657806921330487296,2023-05-14 17:55:45+00:00,"I think Arsenal have lost the league. What a drubbing by @OfficialBHAFC ğŸ”¥ğŸ”¥ğŸ”¥.
On the other hand, Manchester City are leading them with 3 points with a game in hand.

We getting closer to the end of the season. It will be such a fine finish.

#ARSBHA https://t.co/F81PNWLZe7","Johannesburg, South Africa",6
https://twitter.com/Bunglebob66/status/1657803255777312768,2023-05-14 17:41:11+00:00,"Brighton were brilliant,  Arsenal had no answer to them. But how can you thrash Wolves, get SPANKED by Everton and then beat Arsenal away? ğŸ¤”
Funny old game.
#ARSBHA","Rochester, South East",6
https://twitter.com/kevincostello3/status/1657800718789533696,2023-05-14 17:31:06+00:00,Absolute masterclass from @OfficialBHAFC today. Bossed it from the first minute. League over. #EPL #ARSBHA,"Blyth, England",6
https://twitter.com/olacokers/status/1657799894159982592,2023-05-14 17:27:49+00:00,"Brighton have definitely been a menace to the top teams. Will love to see them play in Europe next season and see how theyâ€™ll thrive. 
#ARSBHA","Texas, USA",6
https://twitter.com/ENGkemish94/status/1657801565892124677,2023-05-14 17:34:28+00:00,"Gotta feel for Arsenal considering they had already won the league by being top at Christmas. 

Wonder how much them Wolves tickets are going for now ğŸ‘€

#ARSBHA","Trowbridge, England",5
https://twitter.com/saindhavysh/status/1657800524366790657,2023-05-14 17:30:20+00:00,Front row seat to the comedy show that is #ARSBHA ğŸ¤¡,"North Bethesda, MD",5
https://twitter.com/therealtsnaper/status/1657800329558384648,2023-05-14 17:29:33+00:00,"Twitter is awfully quiet today. ğŸ¤£

Until next time @Arsenal fans.

#sitdown #ARSBHA",Nepal,5
https://twitter.com/OneRoversVlogs/status/1657801894415282177,2023-05-14 17:35:46+00:00,"Huge credit to De Zerbi &amp; Brighton what a performance ğŸ‘ğŸ»ğŸ‘ğŸ» a well deserved victory, they had a plan, passed arsenal of the pitch &amp; deserved the win. Again when it mattered Arsenal disappeared &amp; had no back up plan. Bigger fish to fry they said ğŸ‘€ #ARSBHA","Bristol, England",5
https://twitter.com/mudalocairo/status/1657798706933170177,2023-05-14 17:23:06+00:00,"Nice try ,thats how you fumble the bag gunners!!!ğŸ˜‚ğŸ˜‚ğŸ˜‚ğŸ˜‚ #ARSBHA https://t.co/xjxXmxfFwA","Pretoria, South Africa",5
https://twitter.com/khethiwe85/status/1657797449883197442,2023-05-14 17:18:07+00:00,ğŸ˜‚ğŸ˜‚ğŸ˜‚ğŸ˜‚ğŸ˜‚ Aibo but the keeper is to blame #ARSBHA,"Sandton, South Africa",5
https://twitter.com/NafewMoha/status/1657789341689675776,2023-05-14 16:45:53+00:00,Whatâ€™s the point of VAR if that goal doesnâ€™t get checked. Close that department ASAP #ARSBHA,"Toronto, Ontario",4
https://twitter.com/dud_mar/status/1657797521467383810,2023-05-14 17:18:24+00:00,"â„¹âš½ï¸
#ARSBHA 
Pamietam ile bylo narzekania ze Moder idzie do Brighton, ze co to klub ğŸ¤£ğŸ¤£ğŸ¤£","Staten Island, NY",4
https://twitter.com/antonyagaba/status/1657793779657572354,2023-05-14 17:03:32+00:00,"Ben White to Mitooma today. 
#ARSBHA https://t.co/xgKQXPAfps","Wakiso, Uganda",4
https://twitter.com/ImnaGunner/status/1657783136460349440,2023-05-14 16:21:14+00:00,"Cracking first half at the Emirates!
Big second half needed.
#ARSBHA","Kohima, India",4
https://twitter.com/izzyfoley94/status/1657826580649975810,2023-05-14 19:13:52+00:00,We havenâ€™t bottled anything. Far exceeded anybodyâ€™s low expectations and put confidence back in the club. Super proud of my team no matter what â¤ï¸ just wish I wasnâ€™t actually in Brighton right nowâ€¦ #arsenal #ARSBHA,"Woodingdean, England",4
https://twitter.com/BobbyMugambi/status/1657801243530518529,2023-05-14 17:33:11+00:00,Pep right now ğŸ˜‚ğŸ˜‚ mancity #ARSBHA #Arsenal mitoma ruto https://t.co/Rq1jTc5DOw,"Nairobi, Kenya",4
https://twitter.com/justinhoward6/status/1657798601005752321,2023-05-14 17:22:41+00:00,"Oh dear, Arsenal Fc, imagine being so cock sure of the title, being Billy big balls giving it large when winning and then getting rinsed by Brighton and watching the title die. Couldn't have happened to a nicer bunch âœŠï¸ğŸ’¦'s and your arrogant manager. ğŸ¤«ğŸ¤£ #ARSBHA","Norwich, England",4
https://twitter.com/TokzChef/status/1657839833585184771,2023-05-14 20:06:32+00:00,"ğŸ˜‚ğŸ˜‚ğŸ˜‚ğŸ˜‚ğŸ˜‚
#ARSBHA 
#ARSBRI 
#Manyonyoba https://t.co/D5qNJqYBGE","Johannesburg, South Africa",4
https://twitter.com/Emzii192/status/1657810495871565824,2023-05-14 18:09:57+00:00,"Shame we didn't win, but worst case scenario of 2nd in the league.... We'll take it... And I still got engaged sooo win weekend!

#COYG #ARSBHA #ARS","Hackney, London",4
https://twitter.com/TheJivemaster/status/1657778585027895296,2023-05-14 16:03:09+00:00,"All I want is a Trossard hat-trick and for him to kiss the badge.

Is that too much to ask for? #ARSBHA","Dublin City, Ireland",4
https://twitter.com/MuringaiRonald/status/1657788779527061505,2023-05-14 16:43:39+00:00,I suppose after that Brighton goal the charade is over for Arsenal ğŸ¤£ğŸ¤£ğŸ¤£ğŸ¤£ğŸ¤£ğŸ¤£ğŸ¤£ #ARSBHA https://t.co/dCP2NXIonS,"Centurion, South Africa",4
https://twitter.com/Atiq160Test/status/1657841647969787906,2023-05-14 20:13:44+00:00,"@Arsenal Simply bad performance. We played  our last few games exactly the way we did last year. Itâ€™s really heart breaking to see where we were in March and where we ended up in May. I am gutted 
#ARSBHA","Walkden, England",4
https://twitter.com/khethiwe85/status/1657793220368007170,2023-05-14 17:01:18+00:00,Arsenal seeing flames in second half. Itâ€™s like they not even playing #ARSBHA,"Sandton, South Africa",4
https://twitter.com/BushenyiBouy/status/1657789572430929920,2023-05-14 16:46:48+00:00,"As it stands, Manchester city only needs one win!!ğŸ˜‚ğŸ˜‚
#ARSBHA","Kampala, Uganda",4
https://twitter.com/TopiLaakso/status/1657799997839097858,2023-05-14 17:28:14+00:00,"Super, Super Brighton. #ARSBRI #ARSBHA #valioliiga","Helsinki, Finland",4
https://twitter.com/OdeSport_1/status/1657802995797508098,2023-05-14 17:40:09+00:00,"Leyin gbogbo frapapa, Ireti Arsenal pada ku, pelu bi Iko Brighton se fo won toju,timu, tenu, pelu amin ayo 0-3 ni Emirates.

#PL #ARSBHA https://t.co/1AsIFeFwe7","Lagos, Nigeria",3
https://twitter.com/therealsardoyle/status/1657804373488009217,2023-05-14 17:45:37+00:00,Imagine I thought arsenal might of won itâ€¦ #ARSBHA,"South Dublin, Ireland",3
https://twitter.com/RyHoops83/status/1657795555307782145,2023-05-14 17:10:35+00:00,Brighton player trying to get back on the pitch after a knock #ARSBHA https://t.co/SH3Az3dJMz,"Stoke-on-Trent, England",3
https://twitter.com/Vancetrigg/status/1657804371218841603,2023-05-14 17:45:37+00:00,Just a reminder to Arsenal that marking Mitoma is not everyone. #ARSBHA https://t.co/3V2qnPyKFH,"Nairobi, Kenya",3
https://twitter.com/Maps_Welsh/status/1657778754029080578,2023-05-14 16:03:49+00:00,"The Belgian Santi Cazorla Leandro Trossard will score ğŸ“ˆâ¤ï¸ğŸ”¥ğŸ¤ğŸ¤­
 #ARSBHA #COYG #Artetaball https://t.co/iXUhsIKb0p","Centurion, South Africa",3
https://twitter.com/LadyMo_Lesh/status/1657806616467587073,2023-05-14 17:54:32+00:00,"They really did Arsenal Dirty shame ğŸ˜‚ğŸ˜‚ğŸ˜‚ğŸ˜‚ğŸ˜‚ğŸ˜‚ğŸ˜‚

#ARSBHA",South Africa,3
https://twitter.com/CAdede/status/1657800172070477825,2023-05-14 17:28:56+00:00,"Btw when Brighton lost 5-1 to Everton on Monday, Roberto Di Zerbi said that Arsenal will meet a different Brighton.
He was damn right ğŸ‘
Elite mentality ğŸ‘Š
#ARSBHA","Nairobi, Kenya",3
https://twitter.com/StevenHeath1969/status/1657802188427522048,2023-05-14 17:36:56+00:00,Couldnâ€™t of happened to a better goalkeeper #ramsdale Pmsfl you prick !! #ARSBHA,"Arkadi, Greece",3
https://twitter.com/adamareef/status/1657779740806086656,2023-05-14 16:07:44+00:00,#ARSBHA #EPLLive https://t.co/HqY63SQl4C,"City of London, London",3
https://twitter.com/leitzout5/status/1657797711381266438,2023-05-14 17:19:09+00:00,"Love to see 'em lose, ya love to see 'em lose! See ya @Arsenal! #LFG @OfficialBHAFC!!!!! Back to 6th on the table! #ARSBHA","Bristol, IL",3
https://twitter.com/Touristically_/status/1657792756905902088,2023-05-14 16:59:28+00:00,"Riomaggiore, Cinque TerreğŸ˜
#travel #travelphotography #Italia #FPL #MothersDay #arsbha #Eurovision #LaLiga #writerscommunity #travelblogger https://t.co/niqymxy671","Riomaggiore, Liguria",3
https://twitter.com/GoldenshadesT/status/1657798713153028098,2023-05-14 17:23:08+00:00,"We install quality shades #ARSBHA Enciso partey #RailaOdinga Arteta Ben White Sam kerry Martinelli #Kenya7s Caicedo Saka kiwior Mancity Azimio Colgate #NiKujaribuTu Mitoma president William Ruto #Carparkingshades #ShadeSails #Canopies #PrivacyScreenFence 
https://t.co/G1KXfxDb8P https://t.co/4jgnptlOO3","Nairobi, Kenya",3
https://twitter.com/GoonerArmchair/status/1657790069581725697,2023-05-14 16:48:47+00:00,#BHA are playing more like @Arsenal than @Arsenal #ARSBHA,"Kingston upon Thames, London",3
https://twitter.com/sekotanriverdi/status/1657800747587698690,2023-05-14 17:31:13+00:00,@OfficialBHAFC  ğŸ‘ğŸ‘ğŸ‘ #ARSBHA,"Lucerne, Switzerland",3
https://twitter.com/MrWeir/status/1657800546986631172,2023-05-14 17:30:25+00:00,"Bit Spursy

#ARSBHA","Azambuja, Portugal",3
https://twitter.com/NicFairhurst/status/1657788973370974209,2023-05-14 16:44:26+00:00,What was that arsenal defence doing? ğŸ¤£ #ARSBHA,"Ledro, Trentino-South Tyrol",3
https://twitter.com/Mistmipher/status/1657797460847214595,2023-05-14 17:18:09+00:00,Arsenal just threw it in the bin. #ARSBHA #EPL,"Lisbon, Portugal",3
https://twitter.com/mrstevehanlon/status/1657891156967997440,2023-05-14 23:30:28+00:00,#awaydays #bhafc #ARSBHA #nsc,"South East, England",3
https://twitter.com/Lolita_TNIE/status/1657799854691864576,2023-05-14 17:27:40+00:00,Brighton humiliate #Arsenal 3-0. Oh no! Hope the game concludes soon #ARSBHA @SkySportsPL,"Bengaluru South, India",3
https://twitter.com/pwilliamsradio/status/1657801162404274178,2023-05-14 17:32:52+00:00,What a difference a week makes!! SEAGULLS! #ARSBHA #bhafc,"South East, England",3
https://twitter.com/GoatSudi/status/1657801220453441540,2023-05-14 17:33:06+00:00,Sai kitu ramsdel anaeza shika Ni adabu tuğŸ˜‚ğŸ˜‚#Arsenal #ARSBHA https://t.co/w5RB0WRBk5,"Maseno, Kenya",3
https://twitter.com/Kre8tur/status/1657802364462432258,2023-05-14 17:37:38+00:00,Small team na small team e no matter how long them spend for the top of the table.  #ARSBHA,"Lagos, Nigeria",2
https://twitter.com/BigKahunaStylee/status/1657798182473019393,2023-05-14 17:21:01+00:00,#ARSBHA https://t.co/hmK2oKH84v,"Sale, England",2
https://twitter.com/kathrin_101/status/1657802160271241216,2023-05-14 17:36:50+00:00,De Zerbi masterclass once again. Managed the game brilliantly with a classy performance and some great goalsğŸ‘ğŸ¼ #BHAFC #ARSBHA,"Derby, England",2
https://twitter.com/kawasaki_love14/status/1657800791271546880,2023-05-14 17:31:23+00:00,"ãƒ–ãƒ©ãƒœãƒ¼ãƒ¼ãƒ¼ãƒ¼ãƒ¼ãƒ¼ãƒ¼ãƒ¼ï¼
ã‚·ãƒ†ã‚£ã®å„ªå‹ã‚‚ã»ã¼ç¢ºå®šğŸ¥ºğŸ¥º
#ARSBHA","Kawasaki City Miyamae Ward, Kanagawa",2
https://twitter.com/philcolli72/status/1657797645069348864,2023-05-14 17:18:53+00:00,"WONDERFUL!!!!!!

@arsenal have blown the league as expected. 

Cracked, blown it, too much preasure. 

Maybe next year. When itâ€™ll be 20 years 

#ARSBHA","Urmston, England",2
https://twitter.com/_Justice1/status/1657799426793000965,2023-05-14 17:25:58+00:00,"Bring Jobs ğŸ¤²

#hilda #hildacookathon #ARSBHA #trossard #Brighton #ersogan #erdogan #saka #AkwaIbom #enioluwa https://t.co/mdboqZ3pgD",Nigeria,2
https://twitter.com/Conrad_179/status/1657799105706442752,2023-05-14 17:24:41+00:00,Kodwa I told you guys ukuthi arsenal can forget the league ğŸ™‚ğŸ™‚ I've been saying this my team wasn't ready....it's been a good run Congrats Man City ğŸ™ŒğŸ™Œ #ARSBHA,"Durban, South Africa",2
https://twitter.com/ynwa71/status/1657800160825442306,2023-05-14 17:28:53+00:00,"Well, that's that . City's again. #ARSBHA https://t.co/VmBEdxbZ60","Cork, Ireland",2
https://twitter.com/daslick11/status/1657801901767892992,2023-05-14 17:35:48+00:00,"end of the road for us... the future looks bright âœ¨@Arsenal 

#ARSBHA","Westonaria, South Africa",2
https://twitter.com/Chaingaz/status/1657798767511216128,2023-05-14 17:23:21+00:00,"A De Zerbi masterpiece 

#ARSBHA","Lusaka, Zambia",2
https://twitter.com/simplyjoneszy/status/1657801046087946241,2023-05-14 17:32:24+00:00,"Gotta have respect for this Arsenal team. Whenever they want to bottle, they do it in grand style.
#ARSBHA","Lagos, Nigeria",2
https://twitter.com/bansoe/status/1657798624821035010,2023-05-14 17:22:47+00:00,"Det skulle jo vÃ¦re weekenden, hvor @ManCity tabte point, og vi for alvor lagde pres pÃ¥. Well, tÃ¦nd du bare cigaren, Pep. @Arsenal over and out #ARSBHA #Arsenal #byebye #congratsCity","Odense, Danmark",2
https://twitter.com/Uncle_Babou/status/1657799952477704194,2023-05-14 17:28:03+00:00,"â€œSigned, Sealed and Deliveredâ€

ğŸ¤£ğŸ¤£ğŸ¤£ğŸ¤£ğŸ¤£ğŸ¤£ğŸ¤£ğŸ¤£

#ARSBHA",Gambia,2
https://twitter.com/announcerphil/status/1657798495837855744,2023-05-14 17:22:16+00:00,"What on earth has happened to Arsenalâ€™s defence? A defender needlessly went down, stayed down, and gifted Brighton the first goal, and then laziness meant the Brighton striker was onside for the second! Baffling when you consider the situation. ğŸ¤¦ğŸ»â€â™‚ï¸ #ARSBHA","Yorkshire and The Humber, England",2
https://twitter.com/sarahjbingham/status/1657798234113290240,2023-05-14 17:21:14+00:00,#ARSBHA ğŸ˜‚ğŸ˜‚ğŸ˜‚ğŸ˜‚ğŸ˜‚ğŸ˜‚ğŸ˜‚ğŸ˜‚ğŸ˜‚ğŸ˜‚ğŸ˜‚ğŸ˜‚ğŸ˜‚ğŸ˜‚ğŸ˜‚ğŸ˜‚ğŸ˜‚ğŸ˜‚ğŸ˜‚ğŸ˜‚ğŸ˜‚ğŸ˜‚ğŸ˜‚ğŸ˜‚ğŸ˜‚ğŸ˜‚ğŸ˜‚ğŸ˜‚ğŸ˜‚ğŸ˜‚ğŸ˜‚ğŸ˜‚ğŸ˜‚ğŸ˜‚ğŸ˜‚ğŸ˜‚ğŸ˜‚ğŸ˜‚ğŸ˜‚ğŸ˜‚ğŸ˜‚ğŸ˜‚ğŸ˜‚ğŸ˜‚ğŸ˜‚ğŸ˜‚ğŸ˜‚ğŸ˜‚ğŸ˜‚ğŸ˜‚ğŸ˜‚ğŸ˜‚ğŸ˜‚ğŸ˜‚ğŸ˜‚ğŸ˜‚ğŸ˜‚ğŸ˜‚ğŸ˜‚ğŸ˜‚ğŸ˜‚ğŸ˜‚ğŸ˜‚ğŸ˜‚ğŸ˜‚ğŸ˜‚ğŸ˜‚ğŸ˜‚ğŸ˜‚ğŸ˜ğŸ˜ğŸ˜ğŸ˜ğŸ˜ğŸ˜ğŸ˜ğŸ˜ğŸ˜ğŸ˜ğŸ˜ğŸ˜ğŸ˜ğŸ˜ğŸ˜ğŸ˜ğŸ˜ğŸ˜ğŸ˜ğŸ˜ğŸ˜ğŸ˜ğŸ˜ğŸ˜ğŸ˜ğŸ˜ğŸ˜ğŸ˜ğŸ˜ğŸ˜ğŸ˜ğŸ˜ğŸ˜ğŸ˜ğŸ˜ğŸ˜ğŸ˜ğŸ˜ğŸ˜ğŸ˜ğŸ˜ğŸ˜ğŸ˜ğŸ˜ğŸ˜‚ğŸ˜‚ğŸ˜‚ğŸ˜‚ğŸ˜‚ğŸ˜‚ğŸ˜‚ğŸ˜‚ğŸ˜‚ğŸ˜‚ğŸ˜‚ğŸ˜‚ğŸ˜‚ğŸ˜‚ğŸ˜‚ğŸ˜‚ğŸ˜‚ğŸ˜‚ğŸ˜‚ğŸ˜‚ğŸ˜‚ğŸ˜‚ğŸ˜,"Edinburgh, Scotland",2
https://twitter.com/Brett_leverton/status/1657800453235638274,2023-05-14 17:30:03+00:00,And to all the â€œfansâ€ who left as soon as the second goal went inâ€¦.please donâ€™t come back next season. #ARSBHA,"Islington, London",2
https://twitter.com/Richee_Rich/status/1657800458369392641,2023-05-14 17:30:04+00:00,Game over for the bottlers ğŸ˜…ğŸ˜‚ğŸ¥² #ARSBHA,"Abuja, Nigeria",2
https://twitter.com/aavips/status/1657801351454416896,2023-05-14 17:33:37+00:00,"Remember?
#ARSBHA https://t.co/TFqq6VhXgb",Nepal,2
https://twitter.com/newman40/status/1657798079624486914,2023-05-14 17:20:37+00:00,And just like that Arsenal have Bottled it #ARSBHA,"Merthyr Tydfil, Wales",2
https://twitter.com/PhashaTshwene/status/1657801475056103434,2023-05-14 17:34:06+00:00,"It's over for Arsenal ğŸ˜„
#ARSBHA https://t.co/WyJTzqeRLg","Johannesburg, South Africa",2
https://twitter.com/BDStanley/status/1657798640000180224,2023-05-14 17:22:50+00:00,North Laine forevaaaaaahhhhh #ARSBHA,"Nowy DwÃ³r Mazowiecki, Polska",2
https://twitter.com/welishes_son/status/1657803585168588800,2023-05-14 17:42:29+00:00,"May the Good Lord comfort @Archbp_COU and the teamğŸ˜‚
Prof @Prof_Kitayimbwa please join me send prayers.
#ARSBHA","Kampala, Uganda",2
https://twitter.com/pitsode1/status/1657811223356882945,2023-05-14 18:12:50+00:00,Was having a terrible weekend but my sunday got brightened up ğŸ¤£ğŸ˜‚ #ARSBHA https://t.co/cnQ9OXU51e,"Krugersdorp, South Africa",2
https://twitter.com/Oscar__Harman/status/1657833181305876483,2023-05-14 19:40:06+00:00,Love the guy but what was he thinking here?! #ARSBHA,"Croydon, London",2
https://twitter.com/MarkDignam_84/status/1657790270426038277,2023-05-14 16:49:35+00:00,The joy Gary Neville and Martin Tyler are taking from this shite arsenal performance. Must be jerking each other off as they talk #ARSBHA,"Bridgend, Wales",2
https://twitter.com/LocutorRafaLeal/status/1657816955452116995,2023-05-14 18:35:37+00:00,Same old #Arsenal â€¦ always choking! #ARSBHA,"Belo Horizonte, Brazil",2
https://twitter.com/davepperlmutter/status/1657810294289190913,2023-05-14 18:09:09+00:00,Arsenal losing has Brighton my day ğŸ˜‰#ARSBHA ğŸ˜‚,"Brent, London",2
https://twitter.com/Mtho_Star/status/1657809003546652673,2023-05-14 18:04:01+00:00,How are the incoming champions from London doing? #ARSBHA https://t.co/lFCPV42v8q,"eMalahleni, South Africa",2
https://twitter.com/sadinho23/status/1657808990426857473,2023-05-14 18:03:58+00:00,"Disappointing result today, but I am so proud of the Arsenal players and Arteta for the way they played this season. There are some gaps to fill in terms of the quality of our subs &amp; hopefully this seasonâ€™s experience will help them push on in the next seasons to come. #ARSBHA","Abuja, Nigeria",2
https://twitter.com/Kulu_13/status/1657808940816580610,2023-05-14 18:03:46+00:00,"What's going on with Arsenal??? 
#ARSBHA
#EPL
#sundayvibes https://t.co/ViQAgEObKm","Diepkloof, South Africa",2
https://twitter.com/juliuslawfringe/status/1657820017843400710,2023-05-14 18:47:47+00:00,"I bet you no one won bet today 
Prove me wrong #ARSBHA https://t.co/eO9n1vqnaT","Ashanti, Ghana",2
https://twitter.com/Am87Kekae/status/1657785009787240449,2023-05-14 16:28:41+00:00,@premierleague We're coming back second half #COYG #ARSBHA #Arsenal ğŸ¤—ğŸ”¥ğŸ’ªğŸ‘ğŸ™Œ https://t.co/47wVS61u6W,"Pretoria, South Africa",2
https://twitter.com/Burnku/status/1657807738913603589,2023-05-14 17:59:00+00:00,"Great season, and I donâ€™t slate our players like some on here, but that was a shameful performance by everyone involved with this team today. There are 5 or 6 that simply never showed up. Just really shocking, especially after last week. #ARSBHA","Arkansas, USA",2
https://twitter.com/Drazek89/status/1657784706870460418,2023-05-14 16:27:28+00:00,"#ARSBHA 

What a dull first half https://t.co/Cg5b2S5eT4","Islington, London",2
https://twitter.com/CaptainNkomo/status/1657789364162756608,2023-05-14 16:45:59+00:00,So what happens if Arsenal lose tonight? City need one win? #ARSBHA,"Abu Dhabi, United Arab Emirates",2
https://twitter.com/tmlinner/status/1657794116430733315,2023-05-14 17:04:52+00:00,Good match this #ARSBHA - too bad itâ€™s currently doing #115ChargesFC a favour,"Winnipeg, Manitoba",2
https://twitter.com/GoonerArmchair/status/1657794711317258245,2023-05-14 17:07:14+00:00,Our final ball has really let us down in recent weeks. Always making the wrong choices #ARSBHA,"Epsom, South East",2
https://twitter.com/ayemienosas/status/1657793475285245955,2023-05-14 17:02:19+00:00,Why is Gabriel Jesus still on the pitch for Arsenal? He seems untouchable for Arteta. Is Nketiah that bad in training? He's been totally frozen out since he returned from injury. #ARSBHA,"Benin-City, Nigeria",2
https://twitter.com/Fabinhohmydays/status/1657790173424365574,2023-05-14 16:49:12+00:00,"Sorry Arsenal fans I really am but I just want you to feel how us LFC fans have felt the last 5 years, trying to topple these cheating bastards. A City title win means nobody has really won it and we all go again in August. Heartbreak every weekend isnâ€™t it. Unlucky ğŸ˜€#ARSBHA","Hartlepool, England",2
https://twitter.com/Whiplash_Smile_/status/1657797203388248065,2023-05-14 17:17:08+00:00,Is this Brighton time wasting? Only thought #NUFC done it ğŸ˜‚ #ARSBHA,"North East, England",2
https://twitter.com/R7333/status/1657797369742733312,2023-05-14 17:17:47+00:00,Poor Arsenal #PremierLeague #ARSBHA,"Dubai, United Arab Emirates",2
https://twitter.com/vicardave/status/1657779423364382727,2023-05-14 16:06:29+00:00,"This game is nearly out of the refâ€™s control. Should have been at least 2 yellows so far, possibly more. #Arsenal #ARSBHA","Cape Town, South Africa",2
https://twitter.com/MarkOtabor/status/1657797275710619649,2023-05-14 17:17:25+00:00,"Arsenal finally bottled the LEAGUE.

OSALOBUA!!!
#ARSBHA","Ikeja, Nigeria",2
https://twitter.com/harryxafc/status/1657797390500233218,2023-05-14 17:17:52+00:00,Itâ€™s been a good season but the way weâ€™re ending it is disgraceful. Miles off being good enough to win a title. #ARSBHA,"Islington, London",2
https://twitter.com/TheRam1892/status/1657797364503945217,2023-05-14 17:17:46+00:00,Newcastle United 95/96 ğŸ¤ Arsenal 22/23 #ARSBHA https://t.co/KEBNgvh4Jz,"Cramlington, England",2
https://twitter.com/sim_gumede/status/1657779751715479552,2023-05-14 16:07:47+00:00,All the best  @Arsenal  #arsbha,"Kempton Park, South Africa",2
https://twitter.com/mazzy0108/status/1657789109790978048,2023-05-14 16:44:58+00:00,"Enciso's header while Arsenal halted for a few seconds. 1-0, Brighton. Is Kiwior all right? #COYG #ARSBHA #GoonerFamily #PremierLeague #SPOTVNOW","Minato-ku, Tokyo",1
https://twitter.com/roygalbert/status/1657788058492649473,2023-05-14 16:40:48+00:00,All these keepers thinking theyâ€™re ballers!  #ARSBHA,"South West, England",1
https://twitter.com/yuriolisfc/status/1657799058801537025,2023-05-14 17:24:30+00:00,"O Arsenal estÃ¡ protagonizando a maior pipocada da histÃ³ria da Premier League
Conseguiram superar a escorregada do Gerrard na frente do Demba Ba 
#ARSBHA #PremierLeagueNaESPN https://t.co/pDzCk4FKTY","Santos, Brasil",1
https://twitter.com/Tomilee2002/status/1657798990266523648,2023-05-14 17:24:14+00:00,So painful ğŸ˜­ğŸ˜­ğŸ˜­#ARSBHA,"Ibadan, Nigeria",1
https://twitter.com/CaptainNkomo/status/1657799123456647169,2023-05-14 17:24:46+00:00,Arsenal prolly the better Bottler than Coca-Cola #ARSBHA,"Abu Dhabi, United Arab Emirates",1
https://twitter.com/nobe_yuuki/status/1657778590283616256,2023-05-14 16:03:10+00:00,"ã„ã‚„ã€ã‚‚ã†ã‚ã£ã¡ã‚ƒã‚ªãƒ¢ãƒ­ã‚¤ãª

  #ARSBHA","Matsudo-shi, Chiba",1
https://twitter.com/NicFairhurst/status/1657788449729007616,2023-05-14 16:42:21+00:00,Enciso!!! ğŸ¤©ğŸ¤©ğŸ¤©#ARSBHA,"Ledro, Trentino-South Tyrol",1
https://twitter.com/Ikayanumudu/status/1657778490681303042,2023-05-14 16:02:46+00:00,What's up with this Ref? #ARSBHA,"Ikeja, Nigeria",1
https://twitter.com/ancelochino/status/1657798911841431553,2023-05-14 17:23:55+00:00,CONFIRMED: Bukayo Saka &amp; company shall finish as #EPL Deputy Champions. #ARSBHA #arsenal,"Kampala, Uganda",1
https://twitter.com/antonyagaba/status/1657788784526671873,2023-05-14 16:43:41+00:00,"Mitooma's intelligence ğŸ‘ŒğŸ¼ğŸ”¥. Guy is so good. 
#ARSBHA","Wakiso, Uganda",1
https://twitter.com/BushenyiBouy/status/1657780904188624898,2023-05-14 16:12:22+00:00,"The fact is Arsenal canâ€™t beat Brighton ğŸ˜‚ğŸ˜‚
#ARSBHA","Kampala, Uganda",1
https://twitter.com/YasukeBushidoX/status/1657799352411119616,2023-05-14 17:25:40+00:00,Don't cry for me Arsenal... ğŸ¶ #ARSBHA,"Kaduna, Nigeria",1
https://twitter.com/GermanTank_BW/status/1657799961860349953,2023-05-14 17:28:05+00:00,â€œWe are playing one game at a timeâ€ - Arsenal fans #ARSBHA,Botswana,1
https://twitter.com/Beejaybankz2/status/1657785032407130112,2023-05-14 16:28:46+00:00,For someone that is using left leg Kiwior is comfortable on that right center back #ARSBHA,"Ogun, Nigeria",1
https://twitter.com/jansenja352496/status/1657800142630576131,2023-05-14 17:28:49+00:00,"Germ, arm #ARSBHA  0-3","Roermond, Nederland",1
https://twitter.com/abenasports/status/1657799715461689344,2023-05-14 17:27:07+00:00,S'ope o tilo patapata #ARSBHA https://t.co/ezn684pmhl,"Ibadan, Nigeria",1
https://twitter.com/TheBearJieux/status/1657784738583654401,2023-05-14 16:27:36+00:00,Brighton is the new Leicester city. #ARSBHA,"New Orleans, LA",1
https://twitter.com/louiscoys/status/1657800024850300930,2023-05-14 17:28:21+00:00,Just when you thought it couldnâ€™t get any better #coys #ARSBHA,"Scotland, United Kingdom",1
https://twitter.com/dadgooner/status/1657784553258332174,2023-05-14 16:26:52+00:00,@charles_watts @theafclad_ â€œScrappyâ€ is being polite.  Hope Mikel has a word at HT.  Weâ€™re playing like they had their Christmas Party last night ğŸ˜µ #ARSBHA,"Islington, London",1
https://twitter.com/lukey_stanger/status/1657800003413323778,2023-05-14 17:28:15+00:00,#BHAFC you bunch of legends. Today my hometown has done me proud in delivering the final nail in the coffin of Woolwichâ€™s Premier League title winning hopes. Legends. #ARSBHA,"Hove, England",1
https://twitter.com/_54sas/status/1657799947591335936,2023-05-14 17:28:02+00:00,"Title contenders are contending ğŸ˜­ğŸ˜­ğŸ˜‚
 #ARSBHA","Augsburg, Germany",1
https://twitter.com/antonyagaba/status/1657784479685943296,2023-05-14 16:26:34+00:00,"Ian Wright is calm these days. 
#ARSBHA","Wakiso, Uganda",1
https://twitter.com/Maps_Welsh/status/1657784356172177409,2023-05-14 16:26:05+00:00,"Halftime 0-0,we could have buried our chances Mahn!ğŸ˜¡, this Brighton team were dead Mahn, why arenâ€™t we ruthless in front of the ğŸ¥…, hoping for better second half, letâ€™s convert those chances COME ON ARSENALğŸ”¥ğŸ“ˆ, the referee refs nonsenseğŸš® 
 #ARSBHA #Artetaball #TrustTheProcess https://t.co/E46chpAD8j","Centurion, South Africa",1
https://twitter.com/SingaporeGull/status/1657783840587550721,2023-05-14 16:24:02+00:00,Love that after #Martinelli clothes lined #Mitoma san we collectively kicked him off the park @OfficialBHAFC #ARSBHA #wewuntbedruv,"Central Region, Singapore",1
https://twitter.com/scotdscher/status/1657779638062530560,2023-05-14 16:07:20+00:00,Mitoma just embarrassed Ben White like I haven't seen in a long time. Lucky that. #ARSBHA,"Queens, NY",1
https://twitter.com/AyDarector/status/1657797461040087041,2023-05-14 17:18:09+00:00,Contender has finally bottled it #ARSBHA till the next 10 years ğŸ˜,"Lagos, Nigeria",1
https://twitter.com/BarnesOrlando/status/1657798792823947267,2023-05-14 17:23:27+00:00,"Brighton are really fucking good, they really are! #ARSBHA","Nairobi, Kenya",1
https://twitter.com/harryxafc/status/1657797984904519680,2023-05-14 17:20:14+00:00,Send Saka on his holidays to recharge for next season and give Reiss Nelson the minutes he deserves for the final games. #ARSBHA,"Islington, London",1
https://twitter.com/funogod/status/1657797552157204480,2023-05-14 17:18:31+00:00,Hai the league is back to Eithad #ARSBHA,"Boksburg, South Africa",1
https://twitter.com/Joe__Monty/status/1657800280019222530,2023-05-14 17:29:21+00:00,250 days at the top of the league and its all gone for Arsenal. Must be devastating. ğŸ˜” #ARSBRI #ARSBHA,"Stockton-on-Tees, England",1
https://twitter.com/eddiekenny/status/1657797373332996098,2023-05-14 17:17:48+00:00,The Arsenal capitulation is complete. #ARSBHA,"Owensboro, KY",1
https://twitter.com/amitpanchal76/status/1657797791291256833,2023-05-14 17:19:28+00:00,Itâ€™s over now. Man City will now take the league #ARSBHA,"Watford, East",1
https://twitter.com/MarkDignam_84/status/1657797300985446401,2023-05-14 17:17:31+00:00,Only good thing about this result is it pushes Tottenham even further down the league ğŸ¤£ğŸ¤£ğŸ¤£ #ARSBHA,"Bridgend, Wales",1
https://twitter.com/jerms_9/status/1657797228977692676,2023-05-14 17:17:14+00:00,Title race done #ARSBHA,"East, England",1
https://twitter.com/CAdede/status/1657797836765814787,2023-05-14 17:19:39+00:00,"Arsenal are getting battered by Brighton at the Emirates ğŸ˜‚ğŸ˜‚ğŸ˜‚ğŸ˜‚ğŸ˜‚ğŸ˜‚ğŸ˜‚.
A test of Di Zerbi ball.
Hii imeenda 
#ARSBHA","Nairobi, Kenya",1
https://twitter.com/Leon3576/status/1657797901869895684,2023-05-14 17:19:54+00:00,Happy St. Bottleingham day Arsenal fans. #ARSBHA,"Reading, England",1
https://twitter.com/manwithmessage/status/1657796293060616198,2023-05-14 17:13:31+00:00,Strange team Brighton can dominate Arsenal but can be thrashed by Everton 5-1 at home As a leeds fan I find it very very strange #ARSBHA #LeedsUnited,"Milton, England",1
https://twitter.com/TreyvonMT_75/status/1657796219060584449,2023-05-14 17:13:13+00:00,The time wasting by Brighton is off the fucking CHARTS!!!! #ARSBHA,"Staines-upon-Thames, South East",1
https://twitter.com/karavas_alex/status/1657797903325483008,2023-05-14 17:19:55+00:00,And that is that ladies and gentlemen for season 2022/23. What a journey. But what a sad ending as well. Finishing 2nd hurts after the promise of this season and leading for so long. Lessons to be learnt. Bring on next August #ARSBHA,"Victoria, Australia",1
https://twitter.com/SanderBux95/status/1657797958950174723,2023-05-14 17:20:08+00:00,"Arsenal verspeelt hier de titel. Wat zonde. 

#ARSBHA","Amsterdam, The Netherlands",1
https://twitter.com/soundandpulse/status/1657796086268821505,2023-05-14 17:12:41+00:00,Those Brighton physios are in magnificent shape! #ARSBHA,"Holywood, Northern Ireland",1
https://twitter.com/mrbluejay/status/1657795558260584452,2023-05-14 17:10:36+00:00,Why was Enciso doing the caterpillar then? #ARSBHA,"Cardiff, Wales",1
https://twitter.com/Ahall_MN/status/1657798114789523456,2023-05-14 17:20:45+00:00,"Brighton are so good, best team football side in the league imo. #ARSBHA","West St Paul, MN",1
https://twitter.com/Obieze2020/status/1657790634705530883,2023-05-14 16:51:02+00:00,Brighton teaching Arsenal how to play football ğŸ˜¢ #ARSBHA,"Uyo, Nigeria",1
https://twitter.com/lukey_stanger/status/1657793438887149576,2023-05-14 17:02:10+00:00,Loving life. Thank you #BHAFC. #ARSBHA https://t.co/BIQrird5to,"Hove, England",1
https://twitter.com/Touristically_/status/1657793000326430725,2023-05-14 17:00:26+00:00,"Italyâ€™s Breathtaking Coastal TownsğŸ˜
#travel #italy #arsbha #BBTitans #FPL 
https://t.co/1cMNNhXhgq","Riomaggiore, Liguria",1
https://twitter.com/bradharvey_/status/1657798209584918528,2023-05-14 17:21:08+00:00,"Forget Pep/Arteta for manager of the season. Without a doubt it should be given to Roberto De Zebri, amazing job heâ€™s done at Brighton and on the verge of European football next season ğŸ‘ğŸ»ğŸ‘ğŸ»âš½ï¸ #ARSBHA","East Midlands, England",1
https://twitter.com/TreyvonMT_75/status/1657792730246926338,2023-05-14 16:59:21+00:00,We are giving them WAY too much time and space on the ball!!!! #ARSBHA,"Staines-upon-Thames, South East",1
https://twitter.com/BushenyiBouy/status/1657792436268048389,2023-05-14 16:58:11+00:00,"Naye keeper wa Brighton alumyağŸ˜¹ğŸ˜¹ğŸ˜¹ asamba nga abbey dhaira
#ARSBHA","Kampala, Uganda",1
https://twitter.com/Joe__Monty/status/1657798366581911555,2023-05-14 17:21:45+00:00,"Brighton fans have chanted at United

""Just like Brighton, your city is Blue.""

Today they've chanted at Arsenal

""City are champions now fuck off home""

What a season they've had. #ARSBRI #ARSBHA","Stockton-on-Tees, England",1
https://twitter.com/alew_official/status/1657798398009810944,2023-05-14 17:21:53+00:00,"Very poor Arsenal today. The officiating didn't help, but sometimes you put in heavy tackles as well. How we allow Brighton bully at home is enraging!!!

#ARSBHA","Ikeja, Nigeria",1
https://twitter.com/Jiji__Jina/status/1657798485150769154,2023-05-14 17:22:13+00:00,Now this is the Arsenal I know and love ğŸ˜‚ğŸ«  #ARSBHA,"Ibhayi, South Africa",1
https://twitter.com/antonyagaba/status/1657792220597043202,2023-05-14 16:57:20+00:00,Odegaard today apaana. As if Sterling. #ARSBHA,"Wakiso, Uganda",1
https://twitter.com/mazzy0108/status/1657791899879743488,2023-05-14 16:56:03+00:00,We need Nelson. And he just hit a very close shot. #COYG #ARSBHA #GoonerFamily #PremierLeague #SPOTVNOW,"Minato-ku, Tokyo",1
https://twitter.com/antonyagaba/status/1657797448478097409,2023-05-14 17:18:06+00:00,Thiago Silva would never run like that to clear the ball before it gets in. ğŸ˜‚ğŸ˜‚ğŸ˜‚ #ARSBHA,"Wakiso, Uganda",1
https://twitter.com/abhi23091992/status/1657798701954527232,2023-05-14 17:23:05+00:00,"Like i had said beforeâ€¦.
#ARSBHA 
@PLforIndia","Haveli, India",1
https://twitter.com/DjMendez_Kenya/status/1657791120619782151,2023-05-14 16:52:58+00:00,How on earth is Arteta subbing both Jorgino and Xhaka at a go??#ARSBHA,"Nairobi, Kenya",1
https://twitter.com/lukey_stanger/status/1657790902432088065,2023-05-14 16:52:06+00:00,Woolwich know itâ€™s all over when they are bringing on Thomas Parteyâ€¦A morally bankrupt club more undeserving of winning the Prem than any other. Good riddance. Brighton is buzzing right now. #ARSBHA,"Hove, England",1
https://twitter.com/calciowasoccer5/status/1657893516826284033,2023-05-14 23:39:51+00:00,"#ARSBHA ğŸ´ó §ó ¢ó ¥ó ®ó §ó ¿ãƒã‚¤ãƒ©ã‚¤ãƒˆè¦–è´é›‘æ„Ÿâš½ï¸

å‰åŠæœ€å¾Œã€ã‚µã‚«ã®ã¨ã“ã‚æ±ºã¾ã£ã¦ã„ãŸã‚‰â€¦3-0ã§å‹ã£ã¦ã„ãŸã®ã¯ã‚¢ãƒ¼ã‚»ãƒŠãƒ«ã¯ã‚“ã®æ–¹ã ã£ãŸã‹ã‚‚ã­ã€‚

ãƒ‡ã‚¼ãƒ«ãƒ“ã®ä¸‰ç¬˜è–«ã‚’å·¦ã«æ—©æœŸé…ç½®è»¢æ›ã—ãŸé‡‡é…ãŒè‚ã ã£ãŸã‹ãªã€ã¨ã‚‚ã€‚

å¯¾å³™ã—ãŸãƒ™ãƒ³ãƒ»ãƒ›ãƒ¯ã‚¤ãƒˆã€ãŠãã‚‰ãRating4.0ç´šã‚„ãªã€‚","Aoba-ku, Miyagi",1
https://twitter.com/NFC_LFC_/status/1657799577003515913,2023-05-14 17:26:34+00:00,Ø§Ù„Ø¯ÙˆØ±ÙŠ Ø§Ù†ØªÙ‡Ù‰ Ø®Ù„Ø§Øµ .. #ARSBHA,"Ahsa, Kingdom of Saudi Arabia",1
https://twitter.com/DanielWhite_93/status/1657777177314873344,2023-05-14 15:57:33+00:00,Brighton are way to comfortable at the back. #ARSBHA,"Guangdong, People's Republic of China",1
https://twitter.com/SanderBux95/status/1657800685839171584,2023-05-14 17:30:58+00:00,"Denk dat Arsenal nooit meer kampioen wordt. 

#ARSBHA","Maasdriel, Nederland",1
https://twitter.com/fcastillob/status/1657803796846657538,2023-05-14 17:43:20+00:00,"adiÃ³s a la posibilidad de llevarse la liga mÃ¡s competitiva del mundo, dolorosa derrota en casa del Arsenal ante un Brighton (#6) que no es un equipo menor, 0-3 final, #ARSBHA #COYG","San Pedro Garza GarcÃ­a, Nuevo LeÃ³n",1
https://twitter.com/fulufhelo_DM/status/1657813794125500417,2023-05-14 18:23:03+00:00,"Yaah ro donoriwa ğŸ¤ğŸ½. Hayani futhi
#ARSBHA https://t.co/VqQQyZSNSL",South Africa,1
https://twitter.com/themattsteele/status/1657826472667561985,2023-05-14 19:13:26+00:00,Felt like that one had been brewing for a while ğŸ’¥ ğŸ’¥ ğŸ’¥ #ARSBHA https://t.co/VMqMqynaD2,"Kensington, London",1
https://twitter.com/oOSamTOo/status/1657803895358332929,2023-05-14 17:43:43+00:00,Trossards assist was incredible â­ï¸â­ï¸â­ï¸ #bhafc #ARSBHA,"Hove, England",1
https://twitter.com/gramattercards/status/1657822812059443211,2023-05-14 18:58:53+00:00,"A nightmare in north London sees Arsenal lose 3-0 to Brighton âš½ï¸

Look what I found on Etsy: https://t.co/K7FBzI4nQd

#ARSBHA #arsenal #afc https://t.co/llyCTEUijv","Cardiff, Wales",1
https://twitter.com/therealtsnaper/status/1657811307788394496,2023-05-14 18:13:11+00:00,"As the famous Urban Poet, Kendrick Lamar said

â€œBitch be humble. Sit downâ€

#ARSBHA #bottleFC",Nepal,1
https://twitter.com/mr_opaba/status/1657820414939111426,2023-05-14 18:49:22+00:00,"I have eaten my supper in a record ""3"" minutes in memory of &amp; solidarity with the ""3"" Brighton goals.
I wanted myself back here Asap, coz its not over yet. 
#ARSBHA #PremierLeague 
Polite Reminder: ARS 0 : 3 BHA https://t.co/1i7zqsA3B2","Kampala, Uganda",1
https://twitter.com/kae_gea/status/1657820200727728128,2023-05-14 18:48:31+00:00,"ARSENAL ğŸ˜…ğŸ˜‚ğŸ¤£ ...

#ARSBHA https://t.co/KohRjTz2Iz","Vosloorus, South Africa",1
https://twitter.com/ItsDrMutwiri/status/1657801816241733632,2023-05-14 17:35:28+00:00,"Happy Mother's Day 
#ARSBHA https://t.co/w0T6cXdXAx","Nairobi, Kenya",1
https://twitter.com/eko_elkusla/status/1657800692839632896,2023-05-14 17:31:00+00:00,"TURU BANTAL PASARAN GOBES
#ARSBHA","Ngrampal, Indonesia",1
https://twitter.com/bradderz2212/status/1657800566532177920,2023-05-14 17:30:30+00:00,Wow Brighton. #ARSBHA,"Peterborough, England",1
https://twitter.com/NanaAmoakofrimp/status/1657801255769497604,2023-05-14 17:33:14+00:00,And Arsenal bottled the league...ğŸ¤¦ğŸ¾â€â™‚ï¸ Arsenal ain't that club anymore since 2004...Naaa #ARSBHA #EPL @TheOnlyBKB @_theSWAY,"Kumasi, Ghana",1
https://twitter.com/CAdede/status/1657817733960986624,2023-05-14 18:38:43+00:00,"Last week when we lost to Brighton through a last minute penalty, Arsenal fans were all over yapping.
Today they've been outplayed, outmanoeuvred and battered by Brighton at the Emirates that even their fans couldn't stand the humiliation and walked away.ğŸ˜‚ğŸ˜‚ğŸ˜‚ğŸ˜‚ğŸ˜‚
#ARSBHA https://t.co/8dJqgukJKU","Nairobi, Kenya",1
https://twitter.com/laurameme/status/1657800905008332802,2023-05-14 17:31:50+00:00,Bottled It FC. #ARSBHA,"Liverpool, England",1
https://twitter.com/sweetfa21/status/1657801502755364866,2023-05-14 17:34:13+00:00,"Wtf Arse.....nil
Gifted City the bloody title ""Again"" 
ğŸ˜´ Boring Boring City now. 
#ARSBHA","Bestwood Village, England",1
https://twitter.com/papiyoungking/status/1657800749261156353,2023-05-14 17:31:13+00:00,Thank you Brighton for reminding all the arsenal boys that they are still boys compared to man city men ğŸ¤£ğŸ¤£ğŸ©µğŸ©µ #ARSBHA https://t.co/4YRwSq7ByB,"Sandton, South Africa",1
https://twitter.com/SingaporeGull/status/1657815538113052672,2023-05-14 18:29:59+00:00,So funny that @Arsenal were going for the Premiership and we @OfficialBHAFC emptied their stadium by the 80tj minute #ARSBHA,"Central Region, Singapore",1
https://twitter.com/DjWosky1/status/1657805353927471105,2023-05-14 17:49:31+00:00,"Anticipate ğŸ”¥ğŸ’
Share ğŸ™
With my brother @draikzee 

Segun Johnson 
Lekki
Enioluwa
Nollywood 
Seun
Rema
AA and O
#EndSARS
Odumodu 
Ghanaian 
#Turkiye
Aka Ibom
Oral B
Asake
Atletico's Madrid 
Bode George
BVN and PVC
RIP Murphy Afolabi
#ARSBHA
Rooting for Hilda
#Eurovision2023 https://t.co/QF7IwGCvl0",Nigeria,1
https://twitter.com/shamik_gaitonde/status/1657814917141897216,2023-05-14 18:27:31+00:00,"Every passing day, you can tell how big of a muppet Graham Souness is to say De Zerbi will struggle in the #PremierLeague

#DeZerbi #Brighton
#ARSBHA","Houston, TX",1
https://twitter.com/J_Merilainen/status/1657801486053568516,2023-05-14 17:34:09+00:00,Saakeli sentÃ¤Ã¤nğŸ˜¤ğŸ˜¤ğŸ˜¤#ARSBHA,"Turku, Finland",1
https://twitter.com/MckCarlo/status/1657803661639073798,2023-05-14 17:42:48+00:00,"Unfortunately, Arsenal's inability to win the League may have a negative impact on their performance for the upcoming season. It's possible that they won't be able to secure a place in the top 4, and this outcome may have a significant emotional impact on the team. #ARSBHA #MCFC #ARS","Centurion, South Africa",1
https://twitter.com/Dylan822/status/1657810862524997633,2023-05-14 18:11:24+00:00,Arsenal #ARSBHA ğŸ˜…ğŸ˜‚ğŸ˜‚ https://t.co/q3MGHZuLlQ,South Africa,1
https://twitter.com/Safiukehinde7/status/1657840713982246914,2023-05-14 20:10:02+00:00,"Brighton Dents Arsenalâ€™s Title Hope in 3-0 Away Victory https://t.co/yrIV0mLdp4
#EPLLive #PremierLeague #ARSBHA","Ikorudu, Nigeria",1
https://twitter.com/bonkraai79/status/1657800301716332547,2023-05-14 17:29:27+00:00,No words #ARSBHA https://t.co/kjyzY76cbw,Botswana,1
https://twitter.com/MiguelMartinho7/status/1657803106338340865,2023-05-14 17:40:35+00:00,"Desde a eliminaÃ§Ã£o na Liga Europa com o Sporting, o Arsenal tinha tudo para deitar tudo abaixo na luta pelo tÃ­tulo da Premier League. 

E ainda por cima, perderam em casa contra o Brighton. #ARSBHA #PremierLeague https://t.co/aCraVbgalm","Oeiras, Portugal",1
https://twitter.com/Richee_Rich/status/1657803158372995076,2023-05-14 17:40:48+00:00,Manchester United Had Better Season Than Arsenal ğŸ˜…ğŸ˜‚ğŸ˜… Argue With Your Keyboard ğŸ˜‚ğŸ¤£ #ARSBHA,"Abuja, Nigeria",1
https://twitter.com/VatSoul/status/1657800314349649925,2023-05-14 17:29:30+00:00,So Arsenal are facing the January syndrome in May. Hopefully next season they can push it to the end of season and win the title. #ARSBHA,"Aalen, Deutschland",1
https://twitter.com/SZlccesigbT6GgP/status/1657878695540035584,2023-05-14 22:40:57+00:00,"ãªã‚“ã§ã‚³ãƒ³ãƒ‘ãƒ‹ãŒè¦³ã«æ¥ã¦ã‚‹ã‚“ã ã€‚
#ARSBHA","Setagaya-ku, Tokyo",1
https://twitter.com/NickMcCabeRRT/status/1657803025887420416,2023-05-14 17:40:16+00:00,"United have had a better season than arsenal. 

#ARSBHA","Urmston, England",1
https://twitter.com/Ayolark_Ayo/status/1657860364560629760,2023-05-14 21:28:07+00:00,"Up @Arsenal FC ğŸ¤£ğŸ˜ƒğŸ˜„
#ARSBHA","Federal Capital Territory, Nigeria",1
https://twitter.com/karavas_alex/status/1657845305130520579,2023-05-14 20:28:16+00:00,9 pts from 21 available is pure madness.  Canâ€™t be doing that at the stage of the season when you need them the most #Arsenal #ARSBHA,"Victoria, Australia",1
https://twitter.com/mikemlamboM/status/1657801225155354626,2023-05-14 17:33:07+00:00,What a game . Wellplayed @Brighton #ARSBHA,"Brackenfell, South Africa",1
https://twitter.com/rhyshowen/status/1657800896921706496,2023-05-14 17:31:48+00:00,"Ohâ€¦ itâ€™s so sweet!

Need to beat Chelsea now &amp; it remains in Manchester.

#Arsenal | #BHAFC | #ARSBHA | #PremierLeague","Manchester, England",1
https://twitter.com/tadams1967/status/1657801283472969730,2023-05-14 17:33:21+00:00,"Wow! Well done @OfficialBHAFC my team of the season, fantastic performance today from a fantastic team and club!ğŸ‘ğŸ‘ğŸ‘ğŸ‘âš’#BHAFC #Brighton #ARSBHA","London, England",1
https://twitter.com/njugunah01/status/1657806387248877569,2023-05-14 17:53:37+00:00,Arsenal ğŸ¤£ğŸ¤£ğŸ¤£ğŸ¤£ğŸ¤£ğŸ¤£ğŸ¤£ğŸ¤£ğŸ¤£ğŸ¤£ğŸ¤£ğŸ¤£ğŸ¤£ğŸ¤£ğŸ¤£ğŸ¤£ğŸ¤£ğŸ¤£ğŸ¤£ğŸ¤£ğŸ¤£ğŸ¤£ğŸ¤£ğŸ¤£ğŸ¤£ğŸ¤£ğŸ¤£ğŸ¤£ğŸ¤£ğŸ¤£ğŸ¤£ğŸ¤£ğŸ¤£ğŸ¤£ğŸ¤£ğŸ¤£ğŸ¤£ğŸ¤£ğŸ¤£ğŸ¤£ğŸ¤£ğŸ¤£ğŸ¤£ğŸ¤£ğŸ¤£ğŸ¤£ğŸ¤£ğŸ¤£ğŸ¤£ğŸ¤£ğŸ¤£ğŸ¤£ğŸ¤£ğŸ¤£ğŸ¤£ğŸ¤£ğŸ¤£ğŸ¤£ğŸ¤£ğŸ¤£ğŸ¤£ğŸ¤£ğŸ¤£ğŸ¤£ğŸ¤£ğŸ¤£ğŸ¤£ğŸ¤£ğŸ¤£ğŸ¤£ğŸ¤£ğŸ¤£ğŸ¤£ğŸ¤£ğŸ¤£ğŸ¤£ğŸ¤£ğŸ¤£ğŸ¤£ğŸ¤£ğŸ¤£ğŸ¤£ğŸ¤£ğŸ¤£ğŸ¤£ğŸ¤£ğŸ¤£ğŸ¤£ğŸ¤£ğŸ¤£ğŸ¤£ğŸ¤£ğŸ¤£ğŸ¤£ğŸ¤£ğŸ¤£ğŸ¤£ğŸ¤£ğŸ¤£ğŸ¤£ğŸ¤£ğŸ¤£ğŸ¤£ğŸ¤£ğŸ¤£ğŸ¤£ğŸ¤£ğŸ¤£ğŸ¤£ğŸ¤£ğŸ¤£ğŸ¤£ğŸ¤£ğŸ¤£ğŸ¤£ğŸ¤£ğŸ¤£ğŸ¤£ğŸ¤£ğŸ¤£ğŸ¤£ğŸ¤£ğŸ¤£ğŸ¤£ğŸ¤£ğŸ¤£ğŸ¤£ğŸ¤£ğŸ¤£ğŸ¤£ğŸ¤£ğŸ¤£#ARSBHA https://t.co/9AW7TroRgx,"Kiamburi, Kenya",1
https://twitter.com/CAdede/status/1657835538429235205,2023-05-14 19:49:28+00:00,"Roberto De Zerbi is an elite manager ğŸ‘Œ.
He warned the Gooners about today's match but they were deluded and couldn't listen.
#ARSBHA https://t.co/tEqo5OClJa","Nairobi, Kenya",1
https://twitter.com/iZahir__/status/1657807935748096000,2023-05-14 17:59:47+00:00,Btw getting UCL was our target #ARSBHA,"Dar es Salaam, Tanzania",1
https://twitter.com/willikhojali/status/1657796036050538504,2023-05-14 17:12:30+00:00,they treat us with our own medicine #ARSBHA,"Ahsa, Kingdom of Saudi Arabia",0
https://twitter.com/TreyvonMT_75/status/1657793889128919041,2023-05-14 17:03:58+00:00,Jason Steele needs to get booked for timewasting!!! #ARSBHA,"Staines-upon-Thames, South East",0
https://twitter.com/TreyvonMT_75/status/1657795230542843907,2023-05-14 17:09:17+00:00,"Gabriel Jesus &amp; Martin Ã˜degaard OFF, Eddie Nketiah &amp; Emile Smith Rowe ON! COME ON ARSENAL! #ARSBHA","Staines-upon-Thames, South East",0
https://twitter.com/yeni_sow/status/1657794465526947840,2023-05-14 17:06:15+00:00,Colwill câ€™est quoi ce poulet ? Bref Liverpool faut aller rÃ©cupÃ©rer ce mec #ARSBHA,Senegal,0
https://twitter.com/hassanbajuun/status/1657807356720209921,2023-05-14 17:57:29+00:00,"The notorious elephant who beat gravity by climbing a tree is dead after falling from the tree.
The elephant tried to climb the tree for 20years just fall the 11th hour.
The elephant named arsenal will never try to climb a tree again. Rest in peace arsenal.
#ARSBHA","Nairobi, Kenya",0
https://twitter.com/julzinho22/status/1657806820893704192,2023-05-14 17:55:21+00:00,"Totally outplayed today by Brighton, only plus is it pushes Spurs further down the table. Might not even make the Europa Conference League #ARSBHA","Ingrave, East",0
https://twitter.com/TreyvonMT_75/status/1657795678435782661,2023-05-14 17:11:04+00:00,"Someone needs to tell Kiwior you keep moving, even if you are struggling, canâ€™t go down as the ball comes into your six yard boxâ€¦ #ARSBHA","Staines-upon-Thames, South East",0
https://twitter.com/dj_skeelo/status/1657793936117710849,2023-05-14 17:04:09+00:00,#glennjonesliveinsatour #ARSBHA #MNUWOL #MothersDay2023 #mothers #MothersDay2023 https://t.co/tOlkYxbevf,South Africa,0
https://twitter.com/Alexjm05/status/1657795330103029760,2023-05-14 17:09:41+00:00,Odegaard is the club captain and gets hoyed off in the majority of games. Baffling management. #ARSBHA,"Shrewsbury, England",0
https://twitter.com/TheMethod83/status/1657806088530526210,2023-05-14 17:52:26+00:00,"Arsenalâ€™s last hopes to be Title contenders crash out after a disappointing home defeat against Seagulls. Such a shame to end the Premier League this way, but the Gunners deserve lots of credit for what theyâ€™ve achieved so far. UP THE ARSENAL! #ARSBHA #PremierLeague #COYG https://t.co/sVNrUAuaay","Cerro Maggiore, Lombardia",0
https://twitter.com/DjWosky1/status/1657806129303367682,2023-05-14 17:52:36+00:00,"Anticipate ğŸ”¥ğŸ’
With my brother @draikzee 

Segun Johnson 
Lekki
Enioluwa
Nollywood 
Seun
Rema
AA and O
#EndSARS
Odumodu 
Ghanaian 
#Turkiye
Aka Ibom
Oral B
Asake
Atletico's Madrid 
Bode George
BVN and PVC
RIP Murphy Afolabi
#ARSBHA
Rooting for Hilda
#Eurovision2023 https://t.co/H77E2S6xz5","Lagos, Nigeria",0
https://twitter.com/roygalbert/status/1657795016109031429,2023-05-14 17:08:26+00:00,Good news for gooners is that Man City also play Brighton  #ARSBHA,"South West, England",0
https://twitter.com/OfficialTface/status/1657795360381714432,2023-05-14 17:09:48+00:00,"#ARSBHA
How many shot on goal did #Odegaard make today?
Just a question ğŸ¤”ğŸ¤” https://t.co/LEpZOgbl8n","Karshi, Nigeria",0
https://twitter.com/Obieze2020/status/1657795216785518594,2023-05-14 17:09:14+00:00,Am wondering what Ben White has done to Mitoma that the Japanese keep dropping him every moment #ARSBHA,"Uyo, Nigeria",0
https://twitter.com/WeylandUtini/status/1657797222149259264,2023-05-14 17:17:12+00:00,"The @FA_PGMOL doesn't have any referees good enough for the Elite Level (maybe Michael Oliver), but even by that standard, Andrew Madley is absolutely dreadful. One of the very worst at game management #ARSBHA","Funchal, Portugal",0
https://twitter.com/Bingham38/status/1657796210059628544,2023-05-14 17:13:11+00:00,"Not only is this game poor, itâ€™s the worst refereeing Iâ€™ve seen #ARSBHA #arsenal #refereesawanker","Islington, London",0
https://twitter.com/suleiman_osman1/status/1657805022749442049,2023-05-14 17:48:12+00:00,The seagulls sunk the gunners #premiereleague #ARSBHA but @Arsenal will play @ChampionsLeague next year ğŸ‘ #suleimanosman #brightonandhovefc #ArsenalFC,"London, England",0
https://twitter.com/WillieWinehouse/status/1657797526974525442,2023-05-14 17:18:25+00:00,UP GUNNERS! ğŸ˜‚ #ARSBHA #ARSBRI,"Ibadan, Nigeria",0
https://twitter.com/Ayotommywah/status/1657797486524628992,2023-05-14 17:18:15+00:00,Arsenal has successfully bottled the league!! Massive congratulations to all involved! #ARSBHA,"Federal Capital Territory, Nigeria",0
https://twitter.com/iam_micmusic/status/1657803170825875459,2023-05-14 17:40:51+00:00,"Arsenal 
ğŸ˜‚ğŸ˜‚ğŸ˜‚ğŸ˜‚
#ARSBHA #SaloneTwitter",Sierra Leone,0
https://twitter.com/mrmubs/status/1657803235942359041,2023-05-14 17:41:06+00:00,"#HappyMothersDay to All @Arsenal supporters and #fans. Your team has given us new hope like mothers do. 
#ARSBHA #EPL #TheElephantWhisperers","Kampala, Uganda",0
https://twitter.com/CheungsFoto/status/1657803443317219329,2023-05-14 17:41:56+00:00,I'd like to thank all the #arsenal fans that walked out on their team today with ten minutes left to go. If you can't support them at their lowest then don't support at all. Terrible to see. Honestly feel sorry for the players. Tried their best all season. #showsupport #ARSBHA,"Wexford, Ireland",0
https://twitter.com/TahoAxel/status/1657803483880226816,2023-05-14 17:42:05+00:00,@TrollFootball #ARSBHA #PremierLeague #ManCity https://t.co/XtfgT8Dh4U,"Brazzaville, Congo",0
https://twitter.com/ArjunS1ngh/status/1657797436142911488,2023-05-14 17:18:03+00:00,Huge fuck up #arsbha,"Mumbai, India",0
https://twitter.com/chisholmsr1/status/1657797426701295616,2023-05-14 17:18:01+00:00,undav hahahahahahhaha thank you agent leo #ARSBHA #bhafc,"South East, England",0
https://twitter.com/justusmwawaza/status/1657797399211900929,2023-05-14 17:17:55+00:00,It's over for arsenal ğŸ˜”ğŸ˜­#ARSBHA,"Voi, Kenya",0
https://twitter.com/hafsalpalattu/status/1657803553652772865,2023-05-14 17:42:22+00:00,"The cup is officially gone.when the wait is over.
#ARSBHA
#COYG",India,0
https://twitter.com/MChagari/status/1657803597776650240,2023-05-14 17:42:32+00:00,KioworğŸ˜…ğŸ˜­ #ARSBHA https://t.co/dmj1TYxHb3,"North Eastern, Kenya",0
https://twitter.com/MrTheWolf90/status/1657797331226337280,2023-05-14 17:17:38+00:00,"Iâ€™ll tell you what, that Brighton striker has gone undav the radar all season #ARSBHA","North East, England",0
https://twitter.com/tunchenko/status/1657797310716190724,2023-05-14 17:17:33+00:00,Arsenal â€¦ ğŸ¤#ARSBHA,"Lagos, Nigeria",0
https://twitter.com/TomJMO/status/1657797294543065088,2023-05-14 17:17:30+00:00,Hiii imeeenda #ARSBHA,"Nyali, Kenya",0
https://twitter.com/mtabetz/status/1657803960789475330,2023-05-14 17:43:59+00:00,"There's no title race experience this #Arsenal team will get from this season, they just stayed on top until they couldn't #ARSBHA","Dar es Salaam, Tanzania",0
https://twitter.com/TheGatekeepers8/status/1657803995027521536,2023-05-14 17:44:07+00:00,"Brighton has dented Arsenal chances of winning this Seasons Premier league Trophy
#ARSBHA https://t.co/T5aZ0vabz3","Thika, Kenya",0
https://twitter.com/Vancetrigg/status/1657804060982910977,2023-05-14 17:44:23+00:00,Just a reminder to Arsenal that marking Mitoma is not everyone #ARSBHA,"Nairobi, Kenya",0
https://twitter.com/iampreciousmarc/status/1657797171297615873,2023-05-14 17:17:00+00:00,"Trossard acting all emotional in this game. If heâ€™s not ready, send him out cause we ain gat time for all this rubbish.
#ARSBHA","Port Harcourt, Nigeria",0
https://twitter.com/2502_nf/status/1657796718153416704,2023-05-14 17:15:12+00:00,"aller tapez Newcastle Ã  St James Park pour perdre Ã  domicile contre Brighton, mÃªme si câ€™est une Ã©quipe sÃ©duisante pour la saison quâ€™ils produisent on doit gagner ce genre de match bref, voilÃ  notre 5 Ã¨me dÃ©faite de la saison 
on dit adieu au Titre 
#ARSBHA","Le Bourget, France",0
https://twitter.com/mmolaigaone/status/1657796455774429189,2023-05-14 17:14:10+00:00,If it ends this way. We will now crown City Champions #ARSBHA,Botswana,0
https://twitter.com/Official_Favee/status/1657804463338315776,2023-05-14 17:45:59+00:00,"Finally
It took some time anyways ğŸ˜‚ğŸ˜‚
#ARSBHA https://t.co/9bRmLFsj0e","Abia, Nigeria",0
https://twitter.com/OumarFarook5/status/1657807410877087744,2023-05-14 17:57:41+00:00,Lâ€™arbitre de #ARSBHA est un citizen https://t.co/hAacT9MJxb,Niger,0
https://twitter.com/mazzy0108/status/1657810107928055810,2023-05-14 18:08:25+00:00,"Very big blow for Arsenal. Manchester City are now a win away from being League Champions again. Tough lessons to carry on to the remaining 2 games, this summer, next season. No need to look down, we need to keep going. ğŸ”´ #COYG #GoonerFamily #ARSBHA #PremierLeague #SPOTVNOW","Minato-ku, Tokyo",0
https://twitter.com/jonah_lema/status/1657793743729094658,2023-05-14 17:03:23+00:00,"Whoâ€™s the home team here because the boys in blue donâ€™t seem to be the away team.
#ARSBHA",Cyprus,0
https://twitter.com/M_C_Cassidy/status/1657780227399995394,2023-05-14 16:09:40+00:00,Brighton taking so many risks at the back.  Going to bite them on the backside if they arenâ€™t careful #ARSBHA,Slovak Republic,0
https://twitter.com/EdoKrisma/status/1657786838164336640,2023-05-14 16:35:57+00:00,"@theabdulhadi Kemarin Kompany kirim pesan WA ke Arteta, intinya ngabarin kalau lg di London dan pengen nonton laga #ARSBHA , lalu karena Arteta baik hati sama teman lama, dia minta Vinai urus proses Kompany bisa nonton jalur undangan, jadi ya duduklah disitu, Kompany ga beli tiket intinya ğŸ˜ğŸ¤£","Menteng, Indonesia",0
https://twitter.com/N5er/status/1657786704919506944,2023-05-14 16:35:25+00:00,çœ¼å‰ã«è¦‹ã‚‹ã‚¢ãƒ¼ã‚»ãƒŠãƒ«ãŒæ˜¨å­£é€”ä¸­ã¾ã§è¦‹ã¦ããŸã‚¢ãƒ¼ã‚»ãƒŠãƒ«ã¨ã¯åˆ¥ã‚‚ã®ã§ã‚ã‚‹ã“ã¨ãŒã¯ã£ãã‚Šã¨ç¢ºèªã§ããŸå‰åŠã§ã‚ã£ãŸã€‚éš”ä¸–ã®æ„Ÿã€‚Title contendersã€‚#COYG #ARSBHA,"Islington, London",0
https://twitter.com/gachie_n/status/1657821639524925440,2023-05-14 18:54:14+00:00,Where are #arsenal fans? You don't count your chicks before they hatch..... That 2nd half was a shamble for a team that wants to win the league....#ARSBHA #BBCFootball,"Nairobi, Kenya",0
https://twitter.com/gramattercards/status/1657822920012357633,2023-05-14 18:59:19+00:00,#ARSBHA https://t.co/kHFqZN7c99,"Cardiff, Wales",0
https://twitter.com/SoloFutbolPlus/status/1657823169628045312,2023-05-14 19:00:19+00:00,"#PremierLeague ğŸ´ó §ó ¢ó ¥ó ®ó §ó ¿ | Jornada 36 ğŸ“

Arsenal 0-3ï¸âƒ£ @OfficialBHAFC

BHA: Enciso 51'; Undav 86'; EstupiÃ±Ã¡n 90+6'

#ARSBHA âš½ https://t.co/LnaQAb7TFO","Lagos de Moreno, Jalisco",0
https://twitter.com/AnaheraAmy/status/1657826512710832128,2023-05-14 19:13:36+00:00,"That was the Arsenal game I applied for tickets too. Imagine if Iâ€™d spent $10k, and flown halfway across the world for that performance ğŸ˜¬ Itâ€™s been an exceptional season, why did the players have no fight today? Can handle a loss if there is fight but that was so bad. #ARSBHA","Marlborough District, New Zealand",0
https://twitter.com/dadgooner/status/1657783453025198080,2023-05-14 16:22:29+00:00,Painful ğŸ’©#ARSBHA,"Islington, London",0
https://twitter.com/SlimNoQ/status/1657827032519114753,2023-05-14 19:15:40+00:00,No need to buy groceriesâ€¦. We are having a feast tonight . #ARSBHA ğŸ˜­,South Africa,0
https://twitter.com/kylestivala1919/status/1657782718464155648,2023-05-14 16:19:34+00:00,Slowly growing into the game hope they can take the momentum and keep it after half #ARSBHA,"Philadelphia, PA",0
https://twitter.com/KenyansOnReddit/status/1657781911769473025,2023-05-14 16:16:22+00:00,"âœ¦ [ #ARSBHA ] â— Serious Replies Only

Help on course Dilemma

https://t.co/6AMSW0QNMi","Nairobi, Kenya",0
https://twitter.com/Gunez/status/1657832727142612993,2023-05-14 19:38:17+00:00,"Let's rephrase this to, ""If you are watching #Arsenal, you need to get a life"" #ARSBHA #PremierLeague",Sri Lanka,0
https://twitter.com/blessingawamba/status/1657780008637677568,2023-05-14 16:08:48+00:00,"A bit of Mitoma Masterclass but Enciso could not convert to a goal. ğŸ˜²
#ARSBHA #Brighton #EPL","Lagos, Nigeria",0
https://twitter.com/bakz87/status/1657793532063612931,2023-05-14 17:02:33+00:00,Congratulations man city #ARSBHA,"Federal Capital Territory, Nigeria",0
https://twitter.com/Hlabirwa_/status/1657779936504037378,2023-05-14 16:08:31+00:00,Eish Enciso #ARSBHA,South Africa,0
https://twitter.com/Captain_haryor/status/1657835050526822400,2023-05-14 19:47:31+00:00,"FT
Arsenal 0-3 Brighton
#ARSBHA
 @Buchi_Laba how market? https://t.co/Hp5HxzDnFK","Ikeja, Nigeria",0
https://twitter.com/adam_sampurna/status/1657779682455224320,2023-05-14 16:07:31+00:00,"#ARSBHA 
Refree ooo â€¦ğŸ‘ğŸ½","Kartosuro, Indonesia",0
https://twitter.com/realbenrogers/status/1657837439937835011,2023-05-14 19:57:01+00:00,"The sheer audacity of Utd, Spurs Liverpool and Chelsea fans trolling #Arsenal this evening after the utter shit-show they've served up between them this season is a joy to beholdğŸ˜‚ğŸ˜…!?? ..What a time to be alive eh lads..ğŸ¤£??    #ARSBHA","South West, England",0
https://twitter.com/LiamElJefe/status/1657779637479456769,2023-05-14 16:07:20+00:00,Enciso has to score that #ARSBHA,"Clare, Ireland",0
https://twitter.com/NameIsJamie/status/1657779457384382466,2023-05-14 16:06:37+00:00,This is what football fans get frustrated with. This ref is so inconsistent with that heâ€™s deeming a yellow cardâ€¦ #ARSBHA,"Wales, United Kingdom",0
https://twitter.com/calciowasoccer5/status/1657877625749245958,2023-05-14 22:36:42+00:00,"çŸ¢é‡èµ·åºŠâ˜ï¸

â€¦ã‹ã‚‰ã®ã‚¢ãƒ¼ã‚»ãƒŠãƒ«ã¯ã‚“ä¸‰ç™ºæƒ¨æ•— çµ‚æˆ¦æŠŠæ¡ã€‚

ä¸è¬¹æ…ã§ #é¦–ä½ã¾ã›ã‚“

#ARSBHA via @premierleague https://t.co/uOW4KknDms","Sendai-shi Izumi-ku, Miyagi",0
https://twitter.com/samuelxrk/status/1657778048580583426,2023-05-14 16:01:01+00:00,"Arsenal should be 1 up and down to 10 men 
â€¢
#ARSBHA || #PremierLeague","Wales, United Kingdom",0
https://twitter.com/abuisyan/status/1657777608413655045,2023-05-14 15:59:16+00:00,so ein schlechter Schiedsrichter #ARSBHA,"Hamburg, Germany",0
https://twitter.com/Hlabirwa_/status/1657777485856088067,2023-05-14 15:58:47+00:00,Arsenal needs Ilkay GÃ¼ndogan leadership character. They play beautiful football yet can not deliver under pressure #ARSBHA,South Africa,0
https://twitter.com/ZedEm12/status/1657777420492066816,2023-05-14 15:58:31+00:00,This ref is killing me ğŸ¥µ #ARSBHA,"Alexandria, VA",0
https://twitter.com/WeylandUtini/status/1657787012047425538,2023-05-14 16:36:38+00:00,"Roy Keane choosing his words carefully there, to say Caicedo's challenge was both nasty and justified...

Such a clogger mentality. #ARSBHA","Funchal, Portugal",0
https://twitter.com/nesipcela/status/1657818201235881987,2023-05-14 18:40:34+00:00,"What's the difference between England competing in Eurovision. 

And Arsenal competing in Premier League. 

They booth crumble in final stages. 

#ARSBHA 
#PremierLeague 
#Eurovision2023â€¯â€¯â€¯ 
#Eurovision https://t.co/a8UC71xVuv","London, England",0
https://twitter.com/MisterKizito/status/1657817601978908680,2023-05-14 18:38:11+00:00,"Even when God said Yes, @Arsenal said No ğŸ¤£ğŸ¤£ğŸ¤£. #bottlers #BrightWin #ARSBHA https://t.co/x1eMLuWIFj","Accra, Ghana",0
https://twitter.com/lukey_stanger/status/1657788660714962947,2023-05-14 16:43:11+00:00,Lovely #BHAFC!!! Get in. The scum are well and truly being humiliated as they continue to throw away there once upon a time 9-point lead at the top of the Prem. #ARSBHA,"Hove, England",0
https://twitter.com/GiwaOlusegun234/status/1657807515038408706,2023-05-14 17:58:06+00:00,". @Arsenal  had a wonderful season though. Never in their wildest dreams they would have thought itâ€™ll end like this. 

From top 4 goal to a contender. 

 #ARSBHA","Ikeja, Nigeria",0
https://twitter.com/OumarFarook5/status/1657807542989250560,2023-05-14 17:58:13+00:00,Lâ€™arbitre de #ARSBHA Ã©tait en mission,Niger,0
https://twitter.com/ActuallyNAH/status/1657807919339958276,2023-05-14 17:59:43+00:00,"Love this team so much, now letâ€™s hope we bag the best players before the end of August! ğŸ”µğŸ’™ğŸ’™ #bhafc #ARSBHA","Warrington, England",0
https://twitter.com/anomalsagoff/status/1657793044085903361,2023-05-14 17:00:36+00:00,Absolutely lemau #ARSBHA,"Cheras, Selangor",0
https://twitter.com/kinghardey/status/1657792882869190663,2023-05-14 16:59:58+00:00,"Mitoma steady stressing White ğŸ˜‚

#Arsbha","Ikeja, Nigeria",0
https://twitter.com/neo2992/status/1657808330142756864,2023-05-14 18:01:21+00:00,"Arsenal lost the title because of 2 reasons!!

1. Their obnoxious fanbase for riling the opponents with their over the top behaviour.

2. Not backing Arteta in January window against the city side stacked with players.

#ARSBHA #PremierLeague","Noida, India",0
https://twitter.com/albert_wallace_/status/1657808474154102787,2023-05-14 18:01:55+00:00,"Za ulimi wa soya zenizeni...
#ARSBHA",Malawi,0
https://twitter.com/okotfesto/status/1657808649325035521,2023-05-14 18:02:37+00:00,No Ramsdale please ğŸ˜­ğŸ˜‚. #ARSBHA https://t.co/1YgTlFhx3K,"Kampala, Uganda",0
https://twitter.com/magenimuhammad/status/1657797566367399936,2023-05-14 17:18:34+00:00,"Bano Bakuba
#ARSBHA  0-2
ğŸ¤£","Mbale, Uganda",0
https://twitter.com/NeilBarker72/status/1657791279156150272,2023-05-14 16:53:35+00:00,Arsenal going all Spursey ğŸ˜Š #ARSBHA,"Macclesfield, England",0
https://twitter.com/TreyvonMT_75/status/1657791162634084352,2023-05-14 16:53:08+00:00,"Xhaka &amp; Jorginho OFF, Nelson &amp; Partey ON #ARSBHA","Staines-upon-Thames, South East",0
https://twitter.com/Magnumbase2/status/1657811648244072449,2023-05-14 18:14:32+00:00,"#ARSBHA 
#PremierLeague https://t.co/RFix55kEZR","Sangotedo, Nigeria",0
https://twitter.com/oyenugabiolaobj/status/1657811941321048064,2023-05-14 18:15:42+00:00,"What a season assnal is having..
#ARSBHA 
#arsenal https://t.co/a7cbS0h77o","Ibadan, Nigeria",0
https://twitter.com/DarronStrange/status/1657812011181277187,2023-05-14 18:15:58+00:00,Arsenal v Wolves ticket for sale Â£1 ONO #ARS #ARSBHA #arswol ğŸ¤ª,"Southampton, England",0
https://twitter.com/_MagamboJr/status/1657812176629792771,2023-05-14 18:16:38+00:00,De Zerbi after loosing to Everton said they will show the quality of the team they  Got against Arsenal at Emirates stadium And we all took it as joke!ğŸ˜‚ #ARSBHA  #arsenal https://t.co/RQF4qgSzT7,"Mombasa, Kenya",0
https://twitter.com/BkMalala/status/1657813455938650114,2023-05-14 18:21:43+00:00,Itâ€™s gonna be a long night for Arteta and Bartlett ğŸ¤’#ARSBHA,"Pietermaritzburg, South Africa",0
https://twitter.com/Evreal/status/1657789843940732931,2023-05-14 16:47:53+00:00,"Czy zÅ‚amanie otwarte kwalifikuje siÄ™ aby przeciwnik dostaÅ‚ Å¼Ã³Å‚tÄ…, a byÄ‡ moÅ¼e czerwonÄ… kartkÄ™ dla druÅ¼yny grajÄ…cej przeciwko Arsenalowi #ARSBHA","KnurÃ³w, Polska",0
https://twitter.com/wiz_uba/status/1657814595732492290,2023-05-14 18:26:14+00:00,They love London clubs #ARSBHA,"Ikeja, Nigeria",0
https://twitter.com/Spacemanc/status/1657814894308380673,2023-05-14 18:27:26+00:00,I still make it that Arsenal have finished first as they havenâ€™t cheated . Treble is null and void. #ARSBHA,"Sale, England",0
https://twitter.com/Dickson_Sokoro/status/1657789035278999559,2023-05-14 16:44:40+00:00,Hii imeenda #ARSBHA https://t.co/QTjOMFsB7i,"Athi River, Kenya",0
https://twitter.com/physionaren/status/1657816181103788032,2023-05-14 18:32:32+00:00,"Arsenal are playing their best season, itâ€™s just people started expecting a lot from them! 
Man City a step close to holding the premier league cup #MCFC #ARSBHA","Hillingdon, London",0
https://twitter.com/DJHere5/status/1657816941959196672,2023-05-14 18:35:34+00:00,Well TBH I didn't Expect Arsenal to Bottle the League after the Position they were at MD 29. This is Unreal and Kudos to Man City as Well For Not Giving up till the End. #PremierLeague #ARSBHA #ManchesterCity #Arsenal,India,0
https://twitter.com/janecat60/status/1657788711525031941,2023-05-14 16:43:23+00:00,Oh no! #ARSBHA,"Perth, Western Australia",0
https://twitter.com/UmarBashandy/status/1657797555135172608,2023-05-14 17:18:32+00:00,"#ARSBHA  unbelievable 
2:0 for BRIGHTON",Egypt,0
https://twitter.com/mpho_dikgang/status/1657800279692042242,2023-05-14 17:29:21+00:00,Caicedo and estupinah are important on how Brighton play #ARSBHA,"Pretoria, South Africa",0
https://twitter.com/jerms_9/status/1657797586491781120,2023-05-14 17:18:39+00:00,Trossard set up his old team for the second goal impact sub #ARSBHA,"East, England",0
https://twitter.com/HeyItsMathilde/status/1657799101260390400,2023-05-14 17:24:40+00:00,Congratulations @mancity ğŸ˜­ #ARSBHA,"Hoddesdon, East",0
https://twitter.com/rdiaz1281/status/1657799712127238145,2023-05-14 17:27:06+00:00,Just Bottled It â€¼ï¸ @Arsenal @PrimeHydrate @premierleague #PremierLeague #ARSBHA Trademark it now ğŸ¤£ https://t.co/RHJKg11PAW,"Chicago, IL",0
https://twitter.com/sagres23/status/1657799711875645442,2023-05-14 17:27:06+00:00,#arsenal have had an amazing season in terms of achieving @ChampionsLeague qualification but this performance today has to be a concern to Arteta if they are going to compete next season. Massive summer â€˜qualityâ€™ recruitment required.  Arsenal have been embarrassed today #ARSBHA,"Yorkshire and The Humber, England",0
https://twitter.com/leeweystol/status/1657799659455119365,2023-05-14 17:26:53+00:00,Spurs currently arranging an open top bus parade. #ARSBHA,"Woking, South East",0
https://twitter.com/ClockEndJake/status/1657799576554725378,2023-05-14 17:26:34+00:00,"Canâ€™t hate on Brighton. Likeable club, well run from top to bottom and deserve to be in Europe next season. Better team won today ğŸ‘ğŸ¼ #ARSBHA","Ashford, England",0
https://twitter.com/TreyvonMT_75/status/1657800721750716416,2023-05-14 17:31:07+00:00,Credit to Ramsdale for immediately turning to clap the fans #ARSBHA,"Staines-upon-Thames, South East",0
https://twitter.com/laurence_1999/status/1657800740050550786,2023-05-14 17:31:11+00:00,Not an ideal result for us and Thursday will undoubtedly be a hard game but the Arsenal fans who cried about us not rolling over and giving them an easy win in January deserve that. #nufc #ARSBHA #PL,"Whitley Bay, England",0
https://twitter.com/antonyagaba/status/1657799328415506433,2023-05-14 17:25:34+00:00,"This guy just said, Arsenal Bottling Company Limited. Eeh #ARSBHA","Wakiso, Uganda",0
https://twitter.com/eddiekenny/status/1657799292747218946,2023-05-14 17:25:26+00:00,"Theyâ€™ll say Arsenal have a bright future and have accomplished so much. They wonâ€™t say they bottled the title race. 

But they did. #ARSBHA @talkSPORTLive","Owensboro, KY",0
https://twitter.com/seiko_en_marek/status/1657799189705662467,2023-05-14 17:25:01+00:00,"Jâ€™adore ce chant  #ARSBHA 
â€œHey hey  (hu ha) 
I wanna know if you'll be my girl â€œ","Annoeullin, France",0
https://twitter.com/Hlabirwa_/status/1657799173725466626,2023-05-14 17:24:58+00:00,#ARSBHA,South Africa,0
https://twitter.com/Mzwandile_MCR/status/1657800748774617095,2023-05-14 17:31:13+00:00,"Mathathu three 3 aybo ey ngithi aw ğŸ‘ŒğŸ½ ğŸ¤£

Let us all laugh at Arsenal ğŸ¤¡

#ARSBHA  #arsenal  #PL  #ManCity https://t.co/ZrcvYcA8va","KwaMakhutha, South Africa",0
https://twitter.com/real_axetee/status/1657799116234080259,2023-05-14 17:24:44+00:00,"When we speak of #Iblewit we talking about Arsenal #ARSBHA

Thank you Brighton ğŸ˜‚ğŸ˜‚ğŸ˜‚ğŸ˜‚","Pretoria, South Africa",0
https://twitter.com/theretaildon/status/1657800808648376323,2023-05-14 17:31:27+00:00,Itâ€™s fair to say @OfficialBHAFC owned us at the #Emirates #ARSBHA,Trinidad and Tobago,0
https://twitter.com/PozzatiGiovanni/status/1657798756132089856,2023-05-14 17:23:18+00:00,"Addio @premierleague ğŸ‘‹ 

#ARSBHA","Ariano nel Polesine, Veneto",0
https://twitter.com/TONYFRESH11/status/1657800881675423746,2023-05-14 17:31:45+00:00,"ARSENAL  FAN'S WE SEE YOUğŸ¤£ğŸ¤£â€¼ï¸â€¼ï¸
ITS THE END OF THE ROAD
#ARSBHA  #PremierLeague  #mcfc #ManchesterCity  #espnfc https://t.co/VGEqI3y8g0",Jamaica,0
https://twitter.com/Obieze2020/status/1657798949980209153,2023-05-14 17:24:04+00:00,I kept waiting for Arsenal to prove this wrong but they say no ğŸ˜¿ #ARSBHA https://t.co/ysfpB6yV8q,"Uyo, Nigeria",0
https://twitter.com/MissBetty_Booo/status/1657798904887271424,2023-05-14 17:23:53+00:00,Ok but Arsenal fans have gone through it. #ARSBHA,"Berne, Switzerland",0
https://twitter.com/AshleyBurton_13/status/1657798901288652800,2023-05-14 17:23:53+00:00,Can't argue since going down a goal Brighton have been the better team. They have effectively beaten Arsenal the way Arsenal have beaten most teams. It's disappointing to lose in this manner. But Brighton has done this to a number of big teams. #ARSBHA #COYG ğŸ”´#PremierLeague,"Hackney, London",0
https://twitter.com/AbulKalamUK/status/1657798901229932548,2023-05-14 17:23:53+00:00,"@Arsenal Agent @LTrossard, mission accomplished! ğŸ˜‚ğŸ¤£ğŸ˜‚ğŸ¤£ğŸ˜‚

#ARSBHA","Barking, London",0
https://twitter.com/KvinSilvestrin1/status/1657798883571912715,2023-05-14 17:23:48+00:00,"#TeamOM #ARSBHA 
PalmarÃ¨s de De Zerbi : j'ai battu Arsenal Liverpool Manchester United Chelsea Tottenham et j'ai qualifiÃ© Brighton en Europe.
PalmarÃ¨s d''igor tudor : j'ai battu le sporting Portugal Ã  11 vs 9 Ã  huis clos et le psg sans M'bappÃ©. https://t.co/VIJcHv8GGr","Nice, France",0
https://twitter.com/metinyilmazfc/status/1657798807499812864,2023-05-14 17:23:30+00:00,"Seasonâ€™s over :( We were always overachieving to compete with City this season, and itâ€™s shown recently. On to the next

 #ARSBHA ğŸ”´âšªï¸","Salford, England",0
https://twitter.com/Afrodesiak/status/1657798798289035264,2023-05-14 17:23:28+00:00,Yeah okay. 8 minutes of injury timeâ€¦ #ARSBHA,"Toronto, Ontario",0
https://twitter.com/hassanbajuun/status/1657800960322707461,2023-05-14 17:32:04+00:00,@ahmednasirlaw @RailaOdinga #ARSBHA https://t.co/EwNMPzHTIW,"Nairobi, Kenya",0
https://twitter.com/Shubhankar04/status/1657798777225510915,2023-05-14 17:23:23+00:00,"Arsenal never fails to amaze me. 2 goals down in this crucial final few weeks. ğŸ¤­
#ARSBHA #EPLLive","Bengaluru South, India",0
https://twitter.com/KingOwenR/status/1657800980279296001,2023-05-14 17:32:08+00:00,"And finally the elephant ğŸ˜ is down
ğŸ¤£ğŸ¤£ğŸ¤£ğŸ¤£
#ARSBHA https://t.co/7fPfG2bjd5","Kampala, Uganda",0
https://twitter.com/JephMaliro/status/1657798766999609349,2023-05-14 17:23:21+00:00,"Sadyeka lerotu adyeka hihihi
#ARSBHA",Malawi,0
https://twitter.com/Bigdavethelion/status/1657800611402772480,2023-05-14 17:30:40+00:00,"Ops there it is ğŸ˜‚ğŸ˜‚ğŸ˜‚
#ARSBHA","Sprotbrough, England",0
https://twitter.com/UmarBashandy/status/1657799724718538757,2023-05-14 17:27:09+00:00,"#ARSBHA 
OMG 
3:0 Brighton on fire ğŸ”¥",Egypt,0
https://twitter.com/KRWikstrom/status/1657799740895969281,2023-05-14 17:27:13+00:00,Arsenal back to being Arsenal.  The heart left weeks ago. #ARSBHA,"Leander, TX",0
https://twitter.com/harryxafc/status/1657800606768144401,2023-05-14 17:30:39+00:00,Embarrassing. In true Arsenal fashion weâ€™ve well and truly imploded at the end of the season yet again. #ARSBHA https://t.co/ReDKEZ0N7R,"Islington, London",0
https://twitter.com/IanWindsor99/status/1657800244925456386,2023-05-14 17:29:13+00:00,Is there a fire drill at the emirates? ğŸ¤£ğŸ¤£#ARSBHA,"Seghill, England",0
https://twitter.com/saadns21/status/1657800241918164994,2023-05-14 17:29:12+00:00,not like thisâ€¦ #ARSBHA,"Passau, Germany",0
https://twitter.com/T_Matsumunyane/status/1657800189380362245,2023-05-14 17:29:00+00:00,Theres no hope for arsenal #ARSBHA https://t.co/N2hCepEVWa,Lesotho,0
https://twitter.com/I_BOYWONDER/status/1657800317759520769,2023-05-14 17:29:30+00:00,"After the 3rd goal, the commentator said that's it, signed, sealed, and delivered ğŸ˜…ğŸ˜…ğŸ‘Œ. #ARSBHA","Victoria Island, Nigeria",0
https://twitter.com/andersonviana75/status/1657800387540180993,2023-05-14 17:29:47+00:00,Belo presente o @Arsenal deu pra @mariliaruiz hojeâ€¦ ğŸ˜‚ #ARSBHA @premierleague,"Sao Paulo, Brazil",0
https://twitter.com/HotTeenInUrArea/status/1657800153464537090,2023-05-14 17:28:51+00:00,#ARSBHA @Arsenal https://t.co/OBMLpVuzUt,"Belfast, Northern Ireland",0
https://twitter.com/OMBurkinaFaso/status/1657800393290645504,2023-05-14 17:29:48+00:00,"DÃ©faite d'Arsenal 0-3 face Ã  Brighton 
Catastrophe sur Arsenal !
Championnat se complique, le titre s'Ã©loigne. 
Les supporters quittent le stade.
#ARSBHA",Burkina Faso,0
https://twitter.com/kathrin_101/status/1657800084057120770,2023-05-14 17:28:35+00:00,Forza De ZerbiğŸ¤©ğŸ’™ #BHAFC #ARSBHA,"Derby, England",0
https://twitter.com/factNnonfiction/status/1657800049898795008,2023-05-14 17:28:26+00:00,My man did the Saka but said shhh #arsbha ğŸ˜‚ ğŸ˜‚ #FOYG,"Milwaukee, WI",0
https://twitter.com/Josh_Trafford1/status/1657800044794245120,2023-05-14 17:28:25+00:00,@SkySportsPL #ARSBHA  Martin Tyler used to be the best commentator around. Now he sounds like he can't be arsed and doesn't even sounds morally excited by any goals that go in whatsoever,"Bassenthwaite, England",0
https://twitter.com/deSir_e__/status/1657800411124736003,2023-05-14 17:29:53+00:00,"Iâ€™m not for Arsenal, but This is just heartbreaking. And the so called fans to leave and not support their own ğŸ¤¯ğŸ¤¯ğŸ˜¡ â€¦they were so close to wining the title this yr. Sometimes life is not fair. But câ€™mon SUPPORT your club! #ARSBHA","New York, NY",0
https://twitter.com/shaunsorsby5/status/1657800011462107139,2023-05-14 17:28:17+00:00,This Brighton Team are an absolute pleasure to watch! #ARSBHA,"Yorkshire and The Humber, England",0
https://twitter.com/Benifty212/status/1657800413247094786,2023-05-14 17:29:53+00:00,"Congratulations to Arsenal on winning EPL in DREAM LEAGUE
ğŸ˜‚ğŸ˜‚ğŸ˜‚ğŸ˜‚ğŸ’”
#ARSBHA","Ekiti, Nigeria",0
https://twitter.com/TreyvonMT_75/status/1657800459799625728,2023-05-14 17:30:04+00:00,Trossard is literally trying to give Brighton the ball back at every opportunity #ARSBHA,"Staines-upon-Thames, South East",0
https://twitter.com/millonariosssss/status/1657799987659526145,2023-05-14 17:28:12+00:00,Y llegÃ³ el Tercero ... Arsenal 0-3 Brighton ... #ARSBHA .. Denle la Premier al Manchester City ..,"Berisso, Argentina",0
https://twitter.com/janecat60/status/1657800479093686272,2023-05-14 17:30:09+00:00,I feel for Arsenal but Brighton have really deserved this win #ARSBHA,"Perth, Western Australia",0
https://twitter.com/Newman123Sam/status/1657800499020587009,2023-05-14 17:30:14+00:00,"Man United 1-0 win
Everton 5-1 defeat
Arsenal 2-0 win
ğŸ¤£ğŸ¤£ğŸ¤£ğŸ¤£Being a @OfficialBHAFC fan is completely mental!

I love this club so much!
#ARSBHA #ARSBRI @BHAFC #BHAFC #PremierLeague","Uckfield, England",0
https://twitter.com/JoaoB84/status/1657799950443462659,2023-05-14 17:28:03+00:00,"Gol de @PervisEstupinan Ecuador en la casa! 
#ARSBHA","Milan, Lombardy",0
https://twitter.com/La_MMvulane/status/1657800564963459081,2023-05-14 17:30:29+00:00,My Arsenal is not Arsening today . Too blunt ğŸ¥²ğŸ¥²#ARSBHA,Swaziland,0
https://twitter.com/Alexjm05/status/1657799937801740288,2023-05-14 17:28:00+00:00,Brighton got spanked by Everton the other day wtf is happening ğŸ˜‚ğŸ˜‚ğŸ˜‚ğŸ˜‚ #ARSBHA,"Shrewsbury, England",0
https://twitter.com/TreyvonMT_75/status/1657799871246606336,2023-05-14 17:27:44+00:00,"FUCK OFF ARSENAL, ACTUALLY GO AND DIE IN A DEEP HOLE #ARSBHA 0-3","Staines-upon-Thames, South East",0
https://twitter.com/I_am__badru/status/1657800575306674176,2023-05-14 17:30:32+00:00,"Nobody:
Absolutely no Goalkeeper:
Ramsdale at 25:
#ARSBHA https://t.co/xlvdV6A4MB","Lagos, Nigeria",0
https://twitter.com/TheRockscar/status/1657799820713644033,2023-05-14 17:27:32+00:00,"Y ahora es el Ecuatoriano EstupiÃ±Ã¡n quien marca.
#ARSBHA 0 - 3","BogotÃ¡, D.C., Colombia",0
https://twitter.com/diegoportalanza/status/1657799811184074753,2023-05-14 17:27:30+00:00,Pervis en el epÃ­logo!!!! Vamossssss @OfficialBHAFC #ARSBHA,"Guayaquil, Ecuador",0
https://twitter.com/justusmwawaza/status/1657799771732541440,2023-05-14 17:27:20+00:00,Signed seal and delivered ğŸ˜ğŸ˜#ARSBHA,"Voi, Kenya",0
https://twitter.com/ros_watts/status/1657798758111801350,2023-05-14 17:23:19+00:00,Who would have thought it â€¦ a bang average Arsenal side brought back to reality! #ARSBHA #PremierLeague #SuperSunday,"Bromley, London",0
https://twitter.com/Newman123Sam/status/1657800994221113348,2023-05-14 17:32:12+00:00,"3-0ğŸ¥³ğŸ¥³ğŸ¥³ğŸ¥³ğŸ¥³
So happy for Pervis! Unsung hero! Works his socks off!
#ARSBHA #ARSBRI #bhafc #PremierLeague","Uckfield, England",0
https://twitter.com/TheRockscar/status/1657797605496168450,2023-05-14 17:18:44+00:00,"Que gol tan marica le hacen al Arsenal... Con eso se despide de la posibilidad del tÃ­tulo. 
#ARSBHA 0 - 2","BogotÃ¡, D.C., Colombia",0
https://twitter.com/Makintamie/status/1657802143011684355,2023-05-14 17:36:46+00:00,"Bottlers of the Century ğŸ‘ğŸ¤£ğŸ‘

#ARSBHA",Nigeria,0
https://twitter.com/yuriolisfc/status/1657798075652423680,2023-05-14 17:20:36+00:00,"Que pipocada histÃ³rica do Arsenal

Estava com a Premier League nas mÃ£os e conseguiu entregar de bandeja pro Manchester City que deve se tornar tricampeÃ£o jÃ¡ no prÃ³ximo fim de semana

InacreditÃ¡vel 
#ARSBHA #PremierLeagueNaESPN","Santos, Brasil",0
https://twitter.com/djeyebee/status/1657798070128500737,2023-05-14 17:20:34+00:00,Nothing sweet me reach this win from Brighton ğŸ˜‚ #ARSBHA,"Federal Capital Territory, Nigeria",0
https://twitter.com/orriyrar/status/1657798055041593348,2023-05-14 17:20:31+00:00,"#Trossard decided to play for #Brighton today then ğŸ˜… 
#ARSBHA",Iceland,0
https://twitter.com/danpatriley/status/1657798053972017153,2023-05-14 17:20:31+00:00,Undav's the end of Arsenal's title chances #ARSBHA,"Bromley, London",0
https://twitter.com/kgitonga67/status/1657798007650222080,2023-05-14 17:20:20+00:00,"It's fckin over for Arsenal!!!.... Farmers Club, that one; how do they lose on their home ground??!#ARSBHA","Nairobi, Kenya",0
https://twitter.com/BangThree/status/1657797994589360128,2023-05-14 17:20:16+00:00,"Bar bubaar.. Dah lah runner up emang udh cukup.
Asw. #ARSBHA","Purworejo, Indonesia",0
https://twitter.com/Dans_DK/status/1657801597009936384,2023-05-14 17:34:35+00:00,What a run though. #Arsenal #ARSBHA #Titlerace,"Perth, Western Australia",0
https://twitter.com/laurence_1999/status/1657801833849528323,2023-05-14 17:35:32+00:00,Yes I know they beat us last Sunday and will finish above us but also be nice to laugh at a fan I have on Facebook who was acting like they were nailed on for the title after they beat Palace in March and hates us more than he likes them. ğŸ™ˆ #nufc #ARSBHA #PL,"Whitley Bay, England",0
https://twitter.com/OfficialTface/status/1657801928561106946,2023-05-14 17:35:54+00:00,"#ARSBHA
Arsenal dream on @premierleague finally comes to an end today ğŸ˜­ğŸ˜­
0-3 https://t.co/Vrdo16hFt7","Karshi, Nigeria",0
https://twitter.com/janecat60/status/1657797884186890240,2023-05-14 17:19:50+00:00,Game over. Arsenal have really got the yips #ARSBHA,"Perth, Western Australia",0
https://twitter.com/lukey_stanger/status/1657797875068182528,2023-05-14 17:19:48+00:00,Legends #BHAFC. Delivering the final nail in the coffin of Arsenalâ€™s Premier League-winning hopes. Legends. My hometown done us proud. #ARSBHA,"Hove, England",0
https://twitter.com/ZedEm12/status/1657797863827537921,2023-05-14 17:19:45+00:00,Complete shambles ğŸ˜‘ #ARSBHA,"Alexandria, VA",0
https://twitter.com/KhutsoNyakale/status/1657797835322978305,2023-05-14 17:19:38+00:00,"I have to believe that Prime sponsored Arsenal to put their name on their bottle

As real-life proof of this bottle jobğŸ˜¹ğŸ˜¹ğŸ˜–
#ARSBHA","Johannesburg, South Africa",0
https://twitter.com/Mzwandile_MCR/status/1657801048990294020,2023-05-14 17:32:25+00:00,"Home or away they donâ€™t care they will beat you clean ğŸ’™ Salute @OfficialBHAFC  ğŸ«¡

#ARSBHA https://t.co/hBoP06x5hR","KwaMakhutha, South Africa",0
https://twitter.com/YasukeBushidoX/status/1657802391100481538,2023-05-14 17:37:45+00:00,Arsenal FC were a champions in the fluke years..reality is biting hard now #ARSBHA,"Kaduna, Nigeria",0
https://twitter.com/TreyvonMT_75/status/1657797801634418689,2023-05-14 17:19:30+00:00,Leandro Trossard you can FUCK YOURSELF with a flaming wire brush!!!!!!!!!!! #ARSBHA,"Staines-upon-Thames, South East",0
https://twitter.com/triplenosa/status/1657802706499559425,2023-05-14 17:39:00+00:00,Arsenal fans you guys should cheer up at least Yall ended the season with a strong 2:1 #ARSBHA ğŸ˜‚,"Benin-City, Nigeria",0
https://twitter.com/onwukaJr/status/1657797790632759297,2023-05-14 17:19:28+00:00,"The arsenal way I know don show demsef laslas. I am now impressed.
#ARSBHA","Lagos, Nigeria",0
https://twitter.com/kathrin_101/status/1657797775663218689,2023-05-14 17:19:24+00:00,Beautiful finish and composure by Deniz UndavğŸ¤©ğŸ‘ğŸ¼ #BHAFC #ARSBHA,"Derby, England",0
https://twitter.com/njoro_githiri/status/1657797734554824705,2023-05-14 17:19:14+00:00,kateam kamemaliswaaaa!!!!!!!!!!!!!!!!!!!!!!!! ğŸ¤£ğŸ¤£ğŸ¤£ğŸ¤£ Frauds wale!! #ARSBHA,"Nairobi, Kenya",0
https://twitter.com/isaiah_ita/status/1657802753585061889,2023-05-14 17:39:11+00:00,Losing 3:0 at home is great way to concede the title. @DrJoeAbah your dreams of arsenal winning EPL were valid but it's just what it is for now ....dreams #ARSBHA,"Ikeja, Nigeria",0
https://twitter.com/JIDEROYAL/status/1657802822497312768,2023-05-14 17:39:28+00:00,"Arsenal can still win the league ğŸŒš

#ARSBHA","Kano, Nigeria",0
https://twitter.com/mastersdog/status/1657797653642575874,2023-05-14 17:18:55+00:00,Must admit #Brighton r a really good team. Easy on the eye too #ARSBHA #premiereleague,"Atherton, England",0
https://twitter.com/MbuyaziNkosi/status/1657797644419203072,2023-05-14 17:18:53+00:00,"Ziyakhala ğŸ”¥ 
#ARSBHA https://t.co/1BpsBDqrnZ","Pietermaritzburg, South Africa",0
https://twitter.com/_HazMatt_/status/1657797616770469889,2023-05-14 17:18:46+00:00,@Arsenal Hotspur #ARSBHA,"Tamworth, England",0
https://twitter.com/Afrodesiak/status/1657797614736232450,2023-05-14 17:18:46+00:00,Thatâ€™s it for arsenal!!! #ARSBHA,"Toronto, Ontario",0
https://twitter.com/BillingtonDa/status/1657798113426386944,2023-05-14 17:20:45+00:00,The Nerf Gunnersâ€¦soft as shite! #ARSBHA,"Coventry, England",0
https://twitter.com/c_thommo/status/1657798145558945801,2023-05-14 17:20:52+00:00,"Game over, title race over. 

#ARSBHA #SuperSunday","Hessle, England",0
https://twitter.com/freakypete54/status/1657801398669410305,2023-05-14 17:33:48+00:00,#bottlers #ARSBHA very spursy #arsenal,"Manchester, England",0
https://twitter.com/KennyofAfrica/status/1657801378859737089,2023-05-14 17:33:43+00:00,The chase has ended. City should be crowned ğŸ‘‘ already #ARSBHA,Nigeria,0
https://twitter.com/SumantRajput3/status/1657801067177086976,2023-05-14 17:32:29+00:00,Let's laugh at Assnul #ARSBHA        ğŸ˜‚ğŸ˜‚ğŸ˜‚ğŸ˜‚ğŸ˜‚ğŸ˜‚ğŸ˜‚ğŸ˜‚ğŸ˜‚ğŸ˜‚ğŸ˜‚ğŸ˜‚ğŸ˜‚ğŸ˜‚ğŸ˜‚ğŸ˜‚ğŸ˜‚ğŸ˜‚ğŸ˜‚ğŸ˜‚ğŸ˜‚ğŸ˜‚ğŸ˜‚ğŸ˜‚ğŸ˜‚ğŸ˜‚ğŸ˜‚ğŸ˜‚ğŸ˜‚ğŸ˜‚ğŸ˜‚ğŸ˜‚ğŸ˜‚ğŸ˜‚ğŸ˜‚ğŸ˜‚ğŸ˜‚ğŸ˜‚ğŸ˜‚ğŸ˜‚ğŸ˜‚ğŸ˜‚ğŸ˜‚ğŸ˜‚ğŸ˜‚ğŸ˜‚ğŸ˜‚ğŸ˜‚ğŸ˜‚ğŸ˜‚ğŸ˜‚ğŸ˜‚,"New Delhi, India",0
https://twitter.com/GuyIssola/status/1657798647248039936,2023-05-14 17:22:52+00:00,"Comment tu peux 7 pts dâ€™avance m deuxiÃ¨me partie sur ton dauphin pour Ãªtre rattrapÃ© en fin saison &amp; Ãªtre dÃ©passÃ© par la suite 
#PremierLeague 
#ARSBHA","Littoral, Cameroon",0
https://twitter.com/AL_AKTHAM4/status/1657801091801665538,2023-05-14 17:32:35+00:00,Ø¨Ø±Ø§ÙŠØªÙˆÙ† Ø¹Ø¸Ù…Ø© ØªÙƒØªÙŠÙƒÙŠØ© Ø¨Ø­ØªØ© #ARSBHA,"Suwadi Al Batsa, Oman",0
https://twitter.com/BrianDRobertson/status/1657798635172528132,2023-05-14 17:22:49+00:00,Arsenal.  Ultimate chockers.  Hilarious #ARSBHA ğŸ˜‚ğŸ˜‚,"South East, England",0
https://twitter.com/Olly_bantin/status/1657801174244810752,2023-05-14 17:32:55+00:00,ğŸ¤£ğŸ¤£ğŸ¤£ğŸ¤£ğŸ¤£ #ARSBHA #EPL #EnglishPremierLeague #Arsenal @database_junkie https://t.co/o7Slg8Rq76,"Lagos, Nigeria",0
https://twitter.com/TreyvonMT_75/status/1657798621020946432,2023-05-14 17:22:46+00:00,We donâ€™t look like we want to win this match at all.. Iâ€™m SICKENED by the attitude Iâ€™m seeing from our players!!!! #ARSBHA https://t.co/MNByCOIoPl,"Staines-upon-Thames, South East",0
https://twitter.com/ItsMgwamiJnr/status/1657798552884592640,2023-05-14 17:22:30+00:00,..:ooooh my #Arsenal. ğŸ¥² #ARSBHA,"Dar es Salaam, Tanzania",0
https://twitter.com/Saamu_Eleja/status/1657798529945878537,2023-05-14 17:22:24+00:00,"Arsenal fans right now ğŸ˜‚:

#ARSBHA #PremierLeague #EPL https://t.co/K7S60mcZd7","Akure, Nigeria",0
https://twitter.com/Makintamie/status/1657798514552852481,2023-05-14 17:22:20+00:00,"Hello Uncu @Moshoodpm 

Care to share the scoreline so far Sir ğŸ¤£

#ARSBHA",Nigeria,0
https://twitter.com/Daan0492/status/1657801238241587200,2023-05-14 17:33:10+00:00,Gunners are the most embarrassing fans in the PL! #Bottled #ARSBHA,"Hackney, London",0
https://twitter.com/LukeBest92/status/1657798482936168449,2023-05-14 17:22:13+00:00,ğŸ˜ #ARSBHA #Arsenal https://t.co/5ejPTevGXP,"Tamworth, England",0
https://twitter.com/abdukarim1987/status/1657798431304187904,2023-05-14 17:22:01+00:00,#ARSBHA https://t.co/ak5VVmh3dG,"Mbale, Uganda",0
https://twitter.com/blessingawamba/status/1657798430108819456,2023-05-14 17:22:00+00:00,"The EPL 22/23 Title race is OVER!
The Gunners have just handed the trophy to the Cityzens. It's now Guardiola' to lose, and we that's not happening. ğŸ˜
#ARSBHA #EPL #EPLTitle #Arsenal #Mancity #Brighton","Lagos, Nigeria",0
https://twitter.com/I_BOYWONDER/status/1657798395333844996,2023-05-14 17:21:52+00:00,Arsenal were never title contenders! ğŸ¤¦â€â™‚ï¸ğŸ¤¦â€â™‚ï¸ fgs #ARSBHA,"Victoria Island, Nigeria",0
https://twitter.com/Makintamie/status/1657798389453541376,2023-05-14 17:21:51+00:00,"Hello @Beetype_21 ğŸ˜

What's the score line so far? 

#ARSBHA",Nigeria,0
https://twitter.com/grandson_atu/status/1657798372290330625,2023-05-14 17:21:47+00:00,kwanuko akut chani za Brighton ğŸ‘€ğŸ˜„ğŸ˜„ #ARSBHA,Malawi,0
https://twitter.com/NoGuyTest786/status/1657801327060082697,2023-05-14 17:33:31+00:00,"My Dm's are open for any #Arsenal fans 
#ARSBHA","West Bridgford, England",0
https://twitter.com/fariboly/status/1657798363847307264,2023-05-14 17:21:45+00:00,"A friend called to ask me what it meant if one sees an Arsenal Jersey in the dream. Then I did not know what to tell him but now I think I know better. 

@ruffydfire 
#ARSBHA","Lagos, Nigeria",0
https://twitter.com/Barngetuny_/status/1657798316476837888,2023-05-14 17:21:33+00:00,"Juu ya mezaa kwa uwezo wa mungu
#ARSBHA @BettKMax https://t.co/9kiOB47ITy","Kamusinga, Kenya",0
https://twitter.com/deanie199000/status/1657798258255704065,2023-05-14 17:21:19+00:00,"Credit due when credits due. Brighton have gave us a football lesson today. Play some real good football

#ARSBHA","Camberwell, London",0
https://twitter.com/mademanworks/status/1657798254795341826,2023-05-14 17:21:19+00:00,"There is a difference between leading and winning #Arsenal

#ARSBHA","Nairobi, Kenya",0
https://twitter.com/mcol35/status/1657798246738145281,2023-05-14 17:21:17+00:00,North London? #ARSBHA #arsenal #Tottenham #TottenhamHotspur https://t.co/yUToTSjdOx,"Braunstone, England",0
https://twitter.com/guerojul/status/1657798246553759745,2023-05-14 17:21:17+00:00,we need to spend big bucks on caicedo this summer transfer window @AFTVMedia @Arsenal #ARSBHA,"New Mexico, USA",0
https://twitter.com/ahmadrfmf/status/1657801343753502720,2023-05-14 17:33:35+00:00,"Ø®Ù„Ø§Øµ Ù„Ù„Ø§Ø³Ù 
Ø§Ù„ÙÙŠÙ„ Ø±Ø³Ù…ÙŠ ÙˆÙ‚Ø¹ ğŸ’”
Ø§Ù„Ù…Ù‡Ù… Ø§Ù†Ø§ Ù…Ø¹Ø§ÙŠØ§ Ø§Ø³ØªÙˆØ¨Ù†ÙŠÙ† ÙÙŠ Ø§Ù„ÙØ§Ù†ØªØ§Ø²ÙŠ ÙƒÙ„ÙŠÙ† Ø´ÙŠØª Ùˆ Ù‡Ø¯Ù Ùˆ Ø§Ø³ÙŠØ³Øª ğŸ˜ğŸ˜ğŸ˜ğŸ˜ğŸ˜ğŸ˜ğŸ˜
#ARSBHA 
#PremierLeague https://t.co/ieJCMTgUkG","Beni Suef, Egypt",0
https://twitter.com/kylethornhill21/status/1657798219647135747,2023-05-14 17:21:10+00:00,"ğŸµ We love you Brighton, oh we love you Brighton ğŸµ #ARSBHA","Bristol, England",0
https://twitter.com/fernandoooooh/status/1657797677906640912,2023-05-14 17:19:01+00:00,Welp thatâ€™s a wrap ğŸ˜µâ€ğŸ’« #ARSBHA,"Manchester, NH",0
